"X","ID","ag","pov_final","genre","mc_calc"
1,"2005_Banville,John_TheSea_PW.txt.csv","M","1p","PW","Y"
2,"2005_Barfoot,Joan_Luck_PW.txt.csv","F","3p","PW","Y"
3,"2005_Barnes,Julian_ArthurGeorge_PW.txt.csv","M","3p","PW","Y"
4,"2005_Barry,Sebastian_LongLongWay_PW.txt.csv","M","3p","PW","Y"
5,"2005_Bergen,David_TheTimeinBetween_PW.txt.csv","M","3p","PW","Y"
6,"2005_Boyden,Joseph_ThreeDayRoad_PW.txt.csv","M","1p","PW","Y"
7,"2005_Danticat,Edwidge_DewBreaker_PW.txt.csv","F","3p","PW","Y"
8,"2005_Doctorow,EL_TheMarch_PW.txt.csv","M","3p","PW","Y"
9,"2005_Fried,Golda_Nellcott_PW.txt.csv","F","3p","PW","Y"
10,"2005_Gaitskill,Mary_Veronica_PW.txt.csv","F","1p","PW","Y"
11,"2005_Gibb,Camilla_SweetnessintheBelly_PW.txt.csv","F","1p","PW","Y"
12,"2005_Gill,Charlotte_Ladykiller_PW.txt.csv","F","3p","PW","Y"
13,"2005_Ishiguro,Kazuo_NeverLetMeGo_PW.txt.csv","M","1p","PW","N"
14,"2005_Jin,Ha_WarTrash_PW.txt.csv","M","1p","PW","Y"
15,"2005_Moore,Lisa_Alligator_PW.txt.csv","F","3p","PW","Y"
16,"2005_Pate,Kathy_Alphabet_PW.txt.csv","F","3p","PW","Y"
17,"2005_Ravel,Edeet_WallofLight_PW.txt.csv","F","1p","PW","Y"
18,"2005_Sorrentino,Christopher_Trance_PW.txt.csv","M","3p","PW","Y"
19,"2005_Steinke,Rene_HolySkirts_PW.txt.csv","F","3p","PW","Y"
20,"2005_Vollmann,WilliamT_EuropeCentral_PW.txt.csv","M","3p","PW","Y"
21,"2005_Yarbrough,Steve_PrisonersofWar_PW.txt.csv","M","3p","PW","Y"
22,"2006_Behrens,Peter_LawofDreams_PW.txt.csv","M","3p","PW","Y"
23,"2006_Cole,Trevor_TheFearsomeParticles_PW.txt.csv","M","3p","PW","Y"
24,"2006_Fisher,Karen_ASuddenCountry_PW.txt.csv","F","3p","PW","Y"
25,"2006_Grenville,Kate_SecretRiver_PW.txt.csv","F","3p","PW","Y"
26,"2006_Hage,Rawi_DeNirosGame_PW.txt.csv","M","1p","PW","Y"
27,"2006_Kalfus,Ken_DisorderPeculiar_PW.txt.csv","M","3p","PW","Y"
28,"2006_Lam,Vincent_BloodlettingandMiraculousCures_PW.txt.csv","M","3p","PW","Y"
29,"2006_Matar,Hisham_CountryofMen_PW.txt.csv","M","1p","PW","Y"
30,"2006_Powers,Richard_EchoMaker_PW.txt.csv","M","3p","PW","Y"
31,"2006_Quiviger,Pascale_PerfectCircle_PW.txt.csv","F","3p","PW","Y"
32,"2006_Salter,James_LastNight_PW.txt.csv","M","3p","PW","Y"
33,"2006_Soucy,Gaetan_ImmaculateConception_PW.txt.csv","M","3p","PW","Y"
34,"2006_Spiotta,Dana_EattheDocument_PW.txt.csv","F","3p","PW","Y"
35,"2006_Wagner,Bruce_TheChrysanthemumPalace_PW.txt.csv","M","1p","PW","N"
36,"2006_Walter,Jess_TheZero_PW.txt.csv","M","3p","PW","Y"
37,"2006_Waters,Sarah_NightWatch_PW.txt.csv","F","3p","PW","Y"
38,"2006_Windley,Carol_HomeSchooling_PW.txt.csv","F","3p","PW","Y"
39,"2007_Berlinski,Mischa_Fieldwork_PW.txt.csv","F","3p","PW","Y"
40,"2007_Chariandy,David_Soucouyant_PW.txt.csv","M","1p","PW","Y"
41,"2007_DAmbrosio,Charles_TheDeadFishMuseum_PW.txt.csv","M","1p","PW","N"
42,"2007_Davis,Lydia_VarietiesofDistrubanceStories_PW.txt.csv","F","1p","PW","N"
43,"2007_Eisenberg,Deborah_TwilightoftheSuperheroes_PW.txt.csv","F","3p","PW","Y"
44,"2007_Ferris,Joshua_ThenWeCame_PW.txt.csv","M","3p","PW","Y"
45,"2007_Gowdy,Barbara_Helpless_PW.txt.csv","F","3p","PW","Y"
46,"2007_Hamid,Mohsin_ReluctantFund_PW.txt.csv","M","1p","PW","Y"
47,"2007_Hay,Elizabeth_LateNights_PW.txt.csv","F","3p","PW","Y"
48,"2007_Hempel,Amy_TheCollectedStoriesofAmyHempel_PW.txt.csv","F","1p","PW","Y"
49,"2007_Johnson,Denis_TreeofSmoke_PW.txt.csv","M","3p","PW","Y"
50,"2007_Jones,EdwardP_AuntHagar_PW.txt.csv","M","3p","PW","Y"
51,"2007_Jones,Lloyd_MisterPip_PW.txt.csv","M","1p","PW","Y"
52,"2007_Mcewan,Ian_ChesilBeach_PW.txt.csv","M","3p","PW","Y"
53,"2007_Ondaatje,Michael_Divisadero_PW.txt.csv","M","3p","PW","Y"
54,"2007_ONeill,Heather_LullabiesforLittle_PW.txt.csv","F","1p","PW","Y"
55,"2007_Roth,Philip_Everyman_PW.txt.csv","M","3p","PW","Y"
56,"2007_Shepard,Jim_LikeYoudUnderstand_PW.txt.csv","M","1p","PW","Y"
57,"2007_Vassanji,MG_AssassinsSong_PW.txt.csv","M","1p","PW","N"
58,"2007_York,Alissa_Effigy_PW.txt.csv","F","3p","PW","Y"
59,"2008_Adiga,Aravind_TheWhiteTiger_PW.txt.csv","M","1p","PW","Y"
60,"2008_Barry,Sebastian_SecretScripture_PW.txt.csv","M","1p","PW","Y"
61,"2008_Boyden,Joseph_ThroughBlackSpruce_PW.txt.csv","M","1p","PW","Y"
62,"2008_Christensen,Kate_GreatMan_PW.txt.csv","F","3p","PW","Y"
63,"2008_DeSa,Anthony_BarnacleLove_PW.txt.csv","M","3p","PW","Y"
64,"2008_Dillard,Annie_TheMaytrees_PW.txt.csv","F","3p","PW","Y"
65,"2008_Endicott,Marina_GoodtoaFault_PW.txt.csv","F","3p","PW","Y"
66,"2008_Ghosh,Amitav_SeaOfPoppies_PW.txt.csv","M","3p","PW","Y"
67,"2008_Grant,Linda_ClothesOn_PW.txt.csv","F","1p","PW","Y"
68,"2008_Hage,Rawi_Cockroach_PW.txt.csv","M","1p","PW","Y"
69,"2008_Hemon,Aleksandar_TheLazarusProject_PW.txt.csv","M","1p","PW","Y"
70,"2008_Hensher,Philip_NorthernClemency_PW.txt.csv","M","3p","PW","Y"
71,"2008_Kushner,Rachel_TelexfromCuba_PW.txt.csv","F","3p","PW","Y"
72,"2008_Leavitt,David_TheIndianClerk_PW.txt.csv","M","3p","PW","Y"
73,"2008_Matthiessen,Peter_ShadowCountry_PW.txt.csv","M","3p","PW","Y"
74,"2008_Rash,Ron_ChemistryandOtherStories_PW.txt.csv","M","3p","PW","Y"
75,"2008_Ricci,Nino_OriginofSpecies_PW.txt.csv","M","3p","PW","Y"
76,"2008_Richards,DavidAdam_TheLostHighway_PW.txt.csv","M","3p","PW","Y"
77,"2008_Scibona,Salvatore_TheEnd_PW.txt.csv","M","3p","PW","Y"
78,"2008_Stenson,Fred_GreatKaroo_PW.txt.csv","M","3p","PW","Y"
79,"2008_Swan,Mary_BoysintheTrees_PW.txt.csv","F","3p","PW","Y"
80,"2008_Toltz,Steve_AFractionoftheWhole_PW.txt.csv","M","1p","PW","Y"
81,"2009_Foulds,Adam_TheQuickeningMaze_PW.txt.csv","M","3p","PW","Y"
82,"2009_Munro,Alice_TooMuchHappiness_PW.txt.csv","F","3p","PW","Y"
83,"2009_Byatt,AS_TheChildrensBook_PW.txt.csv","F","3p","PW","Y"
84,"2009_Bynum,SarahShun-lien_MsHempel_PW.txt.csv","F","3p","PW","Y"
85,"2009_Campbell,BonnieJo_AmericanSalvage_PW.txt.csv","F","3p","PW","Y"
86,"2009_Choi,Susan_APersonofInterest_PW.txt.csv","F","3p","PW","Y"
87,"2009_Coetzee,JM_Summertime_PW.txt.csv","M","1p","PW","Y"
88,"2009_Crummey,Michael_Galore_PW.txt.csv","M","3p","PW","Y"
89,"2009_Echlin,Kim_Disappeared_PW.txt.csv","F","1p","PW","Y"
90,"2009_Lyon,Annabel_TheGoldenMean_PW.txt.csv","F","1p","PW","Y"
91,"2009_Macintyre,Linden_BishopsMan_PW.txt.csv","M","1p","PW","Y"
92,"2009_Mantel,Hilary_WolfHall_PW.txt.csv","F","3p","PW","Y"
93,"2009_Mawer,Simon_GlassRoom_PW.txt.csv","M","3p","PW","Y"
94,"2009_McAdam,Colin_Fall_PW.txt.csv","M","1p","PW","Y"
95,"2009_McCann,Colum_LetTheGreatWorldSpin_PW.txt.csv","M","3p","PW","Y"
96,"2009_Michaels,Anne_TheWinterVault_PW.txt.csv","F","3p","PW","Y"
97,"2009_Mueenuddin,Daniyal_InOtherRoomsOtherWonders_PW.txt.csv","M","3p","PW","Y"
98,"2009_ONeill,Joseph_Netherland_PW.txt.csv","M","1p","PW","Y"
99,"2009_Price,Richard_LushLife_PW.txt.csv","M","3p","PW","Y"
100,"2009_Pullinger,Kate_MistressofNothing_PW.txt.csv","F","1p","PW","Y"
101,"2009_Rash,Ron_Serena_PW.txt.csv","M","3p","PW","Y"
102,"2009_Waters,Sarah_LittleStranger_PW.txt.csv","F","1p","PW","N"
103,"2010_Alexie,Sherman_WarDances_PW.txt.csv","M","1p","PW","Y"
104,"2010_Bergen,David_TheMatterwithMorris_PW.txt.csv","M","1p","PW","Y"
105,"2010_Birdsell,Sandra_WaitingForJoe_PW.txt.csv","F","3p","PW","Y"
106,"2010_Carey,Peter_ParrotandOlivier_PW.txt.csv","M","1p","PW","Y"
107,"2010_Donoghue,Emma_Room_PW.txt.csv","F","1p","PW","Y"
109,"2010_Gordon,Jaimy_LordofMisrule_PW.txt.csv","F","3p","PW","Y"
110,"2010_HaydenTaylor,Drew_MotorcyclesandSweetgrass_PW.txt.csv","M","3p","PW","Y"
111,"2010_Jacobson,Howard_FinklerQuestion_PW.txt.csv","M","3p","PW","Y"
112,"2010_Kingsolver,Barbara_TheLacuna_PW.txt.csv","F","3p","PW","Y"
113,"2010_Krauss,Nicole_GreatHouse_PW.txt.csv","F","1p","PW","Y"
114,"2010_Levy,Andrea_TheLongSong_PW.txt.csv","F","1p","PW","Y"
115,"2010_MacLeod,Alexander_LightLifting_PW.txt.csv","M","1p","PW","Y"
116,"2010_Mccarthy,Tom_C_PW.txt.csv","M","3p","PW","Y"
117,"2010_Moore,Lorrie_GateAt_PW.txt.csv","F","1p","PW","N"
118,"2010_Selecky,Sarah_CakeisForPartyStories_PW.txt.csv","M","1p","PW","Y"
119,"2010_Shriver,Lionel_SoMuchforThat_PW.txt.csv","F","3p","PW","Y"
120,"2010_Skibsrud,Johanna_Sentimentalists_PW.txt.csv","F","1p","PW","Y"
121,"2010_Warren,Dianne_CoolWater_PW.txt.csv","F","3p","PW","Y"
122,"2010_Watson,Brad_AliensinthePrimeofTheirLives_PW.txt.csv","M","1p","PW","Y"
123,"2010_Whitehead,Colson_SagHarbor_PW.txt.csv","M","1p","PW","N"
124,"2010_Winter,Kathleen_Annabel_PW.txt.csv","F","3p","PW","Y"
125,"2011_Barnes,Julian_SenseofAn_PW.txt.csv","M","1p","PW","Y"
126,"2011_Bezmozgis,David_TheFreeWorld_PW.txt.csv","M","3p","PW","Y"
127,"2011_Birch,Carol_JamrachsMenagerie_PW.txt.csv","F","1p","PW","Y"
128,"2011_Coady,Lynn_Antagonist_PW.txt.csv","F","1p","PW","Y"
129,"2011_DeWitt,Patrick_SistersBrothers_PW.txt.csv","M","1p","PW","Y"
130,"2011_Edugyan,Esi_Halfbloodblues_PW.txt.csv","F","1p","PW","Y"
131,"2011_Egan,Jennifer_AVisitFrom_BS.txt.csv","F","3p","BS","Y"
132,"2011_Eisenberg,Deborah_TheCollectedStoriesofDeborahEisenberg_PW.txt.csv","F","3p","PW","Y"
133,"2011_Endicott,Marina_LittleShadows_PW.txt.csv","M","3p","PW","Y"
134,"2011_Kelman,Stephen_PigeonEnglish_PW.txt.csv","M","1p","PW","Y"
135,"2011_Krivak,Andrew_TheSojourn_PW.txt.csv","M","1p","PW","Y"
136,"2011_Miller,AD_Snowdrops_PW.txt.csv","M","1p","PW","Y"
137,"2011_Obreht,Tea_TheTigersWife_PW.txt.csv","F","1p","PW","N"
139,"2011_Puchner,Eric_ModelHome_PW.txt.csv","M","3p","PW","Y"
140,"2011_Ward,Jesmyn_SalvagetheBones_PW.txt.csv","F","1p","PW","Y"
141,"2011_Zentner,Alexi_Touch_PW.txt.csv","M","3p","PW","Y"
142,"2012_Banks,Russell_LostMemory_PW.txt.csv","M","3p","PW","Y"
143,"2012_DeLillo,Don_TheAngelEsmeralda_PW.txt.csv","M","1p","PW","Y"
144,"2012_Desai,Anita_TheArtistofDisappearance_PW.txt.csv","F","3p","PW","Y"
145,"2012_Diaz,Junot_ThisisHow_PW.txt.csv","M","1p","PW","Y"
146,"2012_Dobozy,Tamas_Siege13_PW.txt.csv","M","3p","PW","Y"
147,"2012_Eggers,Dave_AHologramfortheKing_PW.txt.csv","M","3p","PW","Y"
148,"2012_Erdrich,Louise_RoundHouse_PW.txt.csv","F","1p","PW","Y"
149,"2012_Ferguson,Will_419_PW.txt.csv","M","3p","PW","Y"
150,"2012_Fountain,Ben_BillyLynnsLongHalftimeWalk_PW.txt.csv","M","3p","PW","Y"
151,"2012_Hough,Robert_DrBrinkley_PW.txt.csv","M","3p","PW","Y"
152,"2012_Hunt,Laird_KindOne_PW.txt.csv","M","1p","PW","N"
153,"2012_Johnson,TGeronimo_HoldItTillItHurts_PW.txt.csv","M","3p","PW","Y"
154,"2012_Lam,Vincent_TheHeadmastersWager_PW.txt.csv","M","3p","PW","Y"
155,"2012_Mantel,Hilary_BringUptheBod_PW.txt.csv","F","3p","PW","Y"
156,"2012_Millhauser,Steven_WeOthersNew&SelectedStories_PW.txt.csv","M","1p","PW","N"
157,"2012_Moore,Alison_TheLighthouse_PW.txt.csv","F","3p","PW","Y"
158,"2012_Ohlin,Alix_Inside_PW.txt.csv","F","3p","PW","Y"
160,"2012_Powers,Kevin_YellowBirds_PW.txt.csv","M","1p","PW","Y"
161,"2012_Richler,Nancy_ImposterBride_PW.txt.csv","F","1p","PW","Y"
162,"2012_Self,Will_Umbrella_PW.txt.csv","M","3p","PW","Y"
163,"2012_Snyder,Carrie_TheJulietStories_PW.txt.csv","F","3p","PW","Y"
164,"2012_Spalding,Linda_Purchase_PW.txt.csv","F","3p","PW","Y"
165,"2012_Thayil,Jeet_Narcopolis_PW.txt.csv","M","3p","PW","Y"
166,"2012_Thuy,Kim_Ru_PW.txt.csv","F","1p","PW","N"
167,"2012_TwanEng,Tan_TheGardenofEveningMists_PW.txt.csv","M","1p","PW","Y"
168,"2012_Wangersky,Russell_WhirlAwayStories_PW.txt.csv","M","1p","PW","Y"
169,"2013_AlireSaenz,Benjamin_EverythingBeginsandEndsattheKentucky_PW.txt.csv","M","1p","PW","Y"
170,"2013_Bock,Dennis_GoingHomeAgain_PW.txt.csv","M","1p","PW","Y"
171,"2013_Bonert,Kenneth_LionSeeker_PW.txt.csv","M","3p","PW","Y"
172,"2013_Boyden,Joseph_Orenda_PW.txt.csv","M","1p","PW","Y"
173,"2013_Bulawayo,NoViolet_WeNeed_PW.txt.csv","F","1p","PW","Y"
174,"2013_Catton,Eleanor_Luminaries_PW.txt.csv","F","3p","PW","Y"
175,"2013_Coady,Lynn_HellgoingStories_PW.txt.csv","F","3p","PW","Y"
176,"2013_Crace,Jim_Harvest_PW.txt.csv","M","1p","PW","N"
177,"2013_Davidson,Craig_CataractCity_PW.txt.csv","M","1p","PW","Y"
178,"2013_Gray,Amelia_Threats_PW.txt.csv","F","3p","PW","Y"
179,"2013_Kushner,Rachel_Flamethrowers_PW.txt.csv","F","1p","PW","N"
180,"2013_Lahiri,Jhumpa_Lowland_PW.txt.csv","F","3p","PW","Y"
181,"2013_Mallon,Thomas_Watergate_PW.txt.csv","M","3p","PW","Y"
182,"2013_McAdam,Colin_ABeautifulTruth_PW.txt.csv","M","3p","PW","Y"
183,"2013_McBride,James_GoodLordBird_PW.txt.csv","M","1p","PW","Y"
184,"2013_Moore,Lisa_Caught_PW.txt.csv","F","3p","PW","Y"
185,"2013_Ozeki,Ruth_TaleforTimeBeing_PW.txt.csv","F","1p","PW","Y"
186,"2013_Pynchon,Thomas_BleedingEdge_PW.txt.csv","M","3p","PW","Y"
188,"2013_Selvadurai,Shyam_HungryGhosts_PW.txt.csv","M","1p","PW","N"
189,"2013_Toibin,Colm_TheTestamentofMary_PW.txt.csv","M","1p","PW","Y"
190,"2013_Vyleta,Dan_TheCrookedMaid_PW.txt.csv","M","3p","PW","Y"
191,"2014_Alameddine,Rabih_UnnecessaryWoman_PW.txt.csv","M","1p","PW","Y"
192,"2014_Alarcon,Daniel_AtNightWeWalkinCircles_PW.txt.csv","M","3p","PW","Y"
193,"2014_Bezmozgis,David_TheBetrayers_PW.txt.csv","M","3p","PW","Y"
195,"2014_Doerr,Anthony_AlltheLightWeCannotSee_PW.txt.csv","M","3p","PW","Y"
196,"2014_Everett,Percival_PercivalEverett_PW.txt.csv","M","1p","PW","Y"
197,"2014_Ferris,Joshua_RiseAgain_PW.txt.csv","M","1p","PW","Y"
198,"2014_Flanagan,Richard_NarrowRoad_PW.txt.csv","M","3p","PW","Y"
199,"2014_Fowler,KarenJoy_WeareAll_PW.txt.csv","F","1p","PW","Y"
201,"2014_HoldenRothman,Claire_MyOctober_PW.txt.csv","F","3p","PW","Y"
202,"2014_Itani,Frances_Tell_PW.txt.csv","F","3p","PW","Y"
203,"2014_Jacobson,Howard_J_PW.txt.csv","M","3p","PW","Y"
204,"2014_King,Thomas_TheBackoftheTurtle_PW.txt.csv","M","3p","PW","Y"
205,"2014_Klay,Phil_Redeployment_PW.txt.csv","M","1p","PW","Y"
206,"2014_Michaels,Sean_UsConductors_PW.txt.csv","M","1p","PW","Y"
207,"2014_Mukherjee,Neel_LivesofOthers_PW.txt.csv","M","3p","PW","Y"
208,"2014_ONeill,Heather_GirlWhoWasSaturday_PW.txt.csv","F","1p","PW","Y"
209,"2014_Robinson,Marilynne_Lila_PW.txt.csv","F","3p","PW","Y"
210,"2014_Silber,Joan_FoolsStories_PW.txt.csv","F","1p","PW","N"
211,"2014_Smith,Ali_HowToBeBoth_PW.txt.csv","F","1p","PW","Y"
212,"2014_StJohnMandel,Emily_StationEleven_PW.txt.csv","F","3p","PW","Y"
213,"2014_Thomas,Joan_OpeningSky_PW.txt.csv","F","3p","PW","Y"
214,"2014_Toews,Miriam_AllmyPunySorrows_PW.txt.csv","F","1p","PW","N"
215,"2014_Trueblood,Valerie_SearchPartyStoriesofRescue_PW.txt.csv","F","3p","PW","Y"
217,"2001_Martel,Yann_LifeofPi_BS.txt.csv","M","1p","BS","N"
218,"2002_Kidd,SueMonk_TheSecretLifeofBees_BS.txt.csv","F","1p","BS","Y"
219,"2002_Sebold,Alice_LovelyBones_BS.txt.csv","F","1p","BS","Y"
220,"2003_Hosseini,Khaled_TheKiteRunner_BS.txt.csv","M","1p","BS","Y"
221,"2004_Mitchell,David_CloudAtlas_BS.txt.csv","M","1p","BS","Y"
222,"2004_Picoult,Jodi_MySistersKeeper_BS.txt.csv","F","1p","BS","Y"
223,"2005_Connelly,Michael_TheLincolnLawyer_BS.txt.csv","M","1p","BS","Y"
224,"2005_Gardner,Lisa_Alone_BS.txt.csv","F","3p","BS","Y"
225,"2005_Giffin,Emily_SomethingBorrowed_BS.txt.csv","F","1p","BS","Y"
226,"2005_Larsson,Stieg_TheGirlWithTheDragonTattoo_BS.txt.csv","M","3p","BS","Y"
227,"2005_SafranFoer,Jonathan_ExtremelyLoudandIncrediblyClose_BS.txt.csv","M","1p","BS","Y"
228,"2006_Brooks,Max_WorldWarZ_BS.txt.csv","M","1p","BS","Y"
229,"2006_Gruen,Sara_WaterforElephants_BS.txt.csv","F","1p","BS","Y"
230,"2006_Jacobs,Kate_FridayNightKnitting_BS.txt.csv","F","3p","BS","Y"
231,"2006_Larsson,Stieg_TheGirlWhoPlayedWithFire_BS.txt.csv","M","3p","BS","Y"
232,"2006_Sparks,Nicholas_DearJohn_BS.txt.csv","M","1p","BS","Y"
233,"2007_deRosnay,Tatiana_SarahsKey_BS.txt.csv","F","1p","BS","Y"
234,"2007_Diaz,Junot_TheBriefWondrousLifeofOscarWao_BS.txt.csv","M","3p","BS","Y"
235,"2007_Follett,Ken_WorldWithoutEnd_BS.txt.csv","M","3p","BS","Y"
236,"2007_Hosseini,Khaled_AThousandSplendid_BS.txt.csv","M","3p","BS","Y"
237,"2007_Larsson,Stieg_TheGirlWhoKickedThe_HornetsNest_BS.txt.csv","M","3p","BS","Y"
239,"2008_Akpan,Uwem_SayYoureOne_BS.txt.csv","M","1p","BS","Y"
240,"2008_Beck,Glenn_ChristmasSweater_BS.txt.csv","M","1p","BS","Y"
241,"2008_Benioff,David_CityofThieves_BS.txt.csv","M","1p","BS","N"
242,"2008_Cleave,Chris_LittleBee_BS.txt.csv","M","1p","BS","Y"
243,"2008_Cornwell,Patricia_Scarpetta_BS.txt.csv","F","3p","BS","Y"
244,"2008_Grisham,John_TheAppeal_BS.txt.csv","M","3p","BS","Y"
245,"2008_Hannah,Kristin_FireflyLane_BS.txt.csv","F","3p","BS","Y"
246,"2008_Hilderbrand,Elin_Barefoot_BS.txt.csv","F","3p","BS","Y"
247,"2008_Meyer,Stephanie_TheHost_BS.txt.csv","F","1p","BS","Y"
248,"2008_Patterson,James_CrossCountry_BS.txt.csv","M","1p","BS","Y"
249,"2008_Patterson,James_SundaysatTiffanys_BS.txt.csv","M","1p","BS","Y"
250,"2008_Shaffer,MaryAnn_TheGuernseyLiteraryandPotatoPeelPie_BS.txt.csv","F","1p","BS","Y"
251,"2008_Sittenfeld,Curtis_AmericanWife_BS.txt.csv","F","1p","BS","Y"
252,"2008_Sparks,Nicholas_TheLuckyOne_BS.txt.csv","M","3p","BS","Y"
253,"2008_Stein,Garth_TheArtofRacingintheRain_BS.txt.csv","M","1p","BS","N"
254,"2008_Strout,Elizabeth_OliveKItteridge_BS.txt.csv","F","3p","BS","Y"
255,"2008_Wroblewski,David_TheStoryofEdgarSawtelle_BS.txt.csv","M","3p","BS","Y"
256,"2009_Blake,Sarah_Postmistress_BS.txt.csv","F","3p","BS","Y"
257,"2009_Brown,Dan_TheLostSymbol_BS.txt.csv","M","3p","BS","Y"
258,"2009_Conroy,Pat_SouthofBroad_BS.txt.csv","M","1p","BS","Y"
259,"2009_Goolrick,Robert_AReliableWife_BS.txt.csv","M","3p","BS","Y"
260,"2009_Grahame-Smith,Seth_PrideandPrejudiceandZombies_BS.txt.csv","M","3p","BS","Y"
261,"2009_Grisham,John_TheAssociate_BS.txt.csv","M","3p","BS","Y"
262,"2009_King,Stephen_UndertheDome_BS.txt.csv","M","3p","BS","Y"
263,"2009_Nicholls,David_OneDay_BS.txt.csv","M","3p","BS","Y"
264,"2009_Patterson,James_8thConfession_BS.txt.csv","M","1p","BS","Y"
265,"2009_Patterson,James_RunForYourLife_BS.txt.csv","M","1p","BS","Y"
266,"2009_Patterson,James_SwimSuit_BS.txt.csv","M","1p","BS","Y"
267,"2009_Roberts,Nora_VisioninWhite_BS.txt.csv","F","3p","BS","Y"
268,"2009_Sparks,Nicholas_TheLastSong_BS.txt.csv","M","3p","BS","Y"
269,"2009_Stockett,Kathryn_TheHelp_BS.txt.csv","F","1p","BS","Y"
270,"2009_Verghese,Abraham_CuttingforStone_BS.txt.csv","M","1p","BS","Y"
271,"2009_Walls,Jeannette_HalfBroke_BS.txt.csv","F","1p","BS","Y"
272,"2009_Weiner,Jennifer_BestFriendsForever_BS.txt.csv","F","1p","BS","Y"
273,"2010_Clancy,Tom_DeadorAlive_BS.txt.csv","M","3p","BS","Y"
275,"2010_Franzen,Jonathan_Freedom_BS.txt.csv","M","3p","BS","Y"
276,"2010_Grahame-Smith,Seth_AbrahamLincoln-VampireHunter_BS.txt.csv","M","3p","BS","Y"
277,"2010_Hannah,Kristin_WinterGarden_BS.txt.csv","F","3p","BS","Y"
279,"2010_Patterson,James_9thJudgment_BS.txt.csv","M","1p","BS","N"
280,"2010_Patterson,James_CrossFire_BS.txt.csv","M","1p","BS","Y"
281,"2010_Picoult,Jodi_HouseRules_BS.txt.csv","F","1p","BS","Y"
282,"2010_Roberts,Nora_SavortheMoment_BS.txt.csv","F","3p","BS","Y"
283,"2010_Sandford,John_StolenPrey_BS.txt.csv","M","3p","BS","Y"
284,"2010_Sparks,Nicholas_SafeHaven_BS.txt.csv","M","3p","BS","Y"
286,"2011_Baldacci,David_OneSummer_BS.txt.csv","M","3p","BS","Y"
287,"2011_Baldacci,David_TheSixthMan_BS.txt.csv","M","3p","BS","Y"
288,"2011_Baldacci,David_ZeroDay_BS.txt.csv","M","3p","BS","Y"
289,"2011_Brown,Sandra_Lethal_BS.txt.csv","F","3p","BS","Y"
290,"2011_Chan,Darcie_TheMillRiverRecluse_BS.txt.csv","F","3p","BS","Y"
291,"2011_Child,Lee_TheAffair_BS.txt.csv","M","3p","BS","Y"
292,"2011_Clancy,Tom_AgainstAllEnemies_BS.txt.csv","M","3p","BS","Y"
293,"2011_Clancy,Tom_LockedOn_BS.txt.csv","M","3p","BS","Y"
294,"2011_Clark,MaryHiggins_IllWalkAlone_BS.txt.csv","F","3p","BS","Y"
295,"2011_Connelly,Michael_TheDrop_BS.txt.csv","M","3p","BS","Y"
296,"2011_Connelly,Michael_TheFifthWitness_BS.txt.csv","M","1p","BS","Y"
297,"2011_Cussler,Clive_Jungle_BS.txt.csv","M","3p","BS","Y"
298,"2011_Eugenides,Jeffrey_MarriagePlot_BS.txt.csv","M","3p","BS","Y"
299,"2011_Evanovich,Janet_ExplosiveEighteen_BS.txt.csv","F","1p","BS","Y"
300,"2011_Evanovich,Janet_SmokinSeventeen_BS.txt.csv","F","1p","BS","Y"
301,"2011_Gardner,Lisa_LoveYouMore_BS.txt.csv","F","1p","BS","Y"
302,"2011_Grafton,Sue_VisForVengeance_BS.txt.csv","F","1p","BS","Y"
303,"2011_Grisham,John_TheLitigators_BS.txt.csv","M","3p","BS","Y"
304,"2011_Harkness,Deborah_DiscoveryofW_BS.txt.csv","F","1p","BS","Y"
305,"2011_Harris,Charlaine_DeadReckoning_BS.txt.csv","F","1p","BS","Y"
306,"2011_James,EL_FiftyShadesofGrey_BS.txt.csv","F","1p","BS","Y"
307,"2011_James,PD_DeathComestoPemberley_BS.txt.csv","F","3p","BS","Y"
308,"2011_King,Stephen_112263_BS.txt.csv","M","1p","BS","Y"
309,"2011_King,Stephen_DoctorSleep_BS.txt.csv","M","3p","BS","Y"
310,"2011_Martin,George_ADancewithDragons_BS.txt.csv","M","3p","BS","Y"
311,"2011_Morgenstern,Erin_NightCircus_BS.txt.csv","F","3p","BS","Y"
312,"2011_Patchett,Ann_StateofWonder_BS.txt.csv","F","3p","BS","Y"
313,"2011_Patterson,James_10thAnniversary_BS.txt.csv","M","1p","BS","Y"
314,"2011_Patterson,James_ChristmasWedding_BS.txt.csv","M","1p","BS","Y"
315,"2011_Patterson,James_KillAlexCross_BS.txt.csv","M","1p","BS","Y"
316,"2011_Patterson,James_KillMeIfYouCan_BS.txt.csv","M","1p","BS","Y"
317,"2011_Patterson,James_NowYouSeeHer_BS.txt.csv","M","1p","BS","Y"
318,"2011_Patterson,James_TickTock_BS.txt.csv","M","1p","BS","Y"
319,"2011_Patterson,James_Toys_BS.txt.csv","M","1p","BS","Y"
320,"2011_Picoult,Jodi_SingYouHome_BS.txt.csv","F","1p","BS","Y"
321,"2011_Preston,Douglas_ColdVengeance_BS.txt.csv","M","3p","BS","Y"
322,"2011_Roberts,Nora_ChasingFire_BS.txt.csv","F","3p","BS","Y"
323,"2011_Roberts,Nora_TheNextAlways_BS.txt.csv","F","3p","BS","Y"
324,"2011_Rothfuss,Patrick_WiseMansFear_BS.txt.csv","M","3p","BS","Y"
325,"2011_Sandford,John_BuriedPrey_BS.txt.csv","M","3p","BS","Y"
326,"2011_Sparks,Nicholas_TheBestofMe_BS.txt.csv","M","3p","BS","Y"
327,"2011_Thor,Brad_FullBlack_BS.txt.csv","M","3p","BS","Y"
328,"2012_Albom,Mitch_TimeKeeper_BS.txt.csv","M","3p","BS","Y"
329,"2012_Baldacci,David_TheForgotten_BS.txt.csv","M","3p","BS","Y"
330,"2012_Baldacci,David_TheInnocent_BS.txt.csv","M","3p","BS","Y"
331,"2012_Binchy,Maeve_AWeekinWinter_BS.txt.csv","F","3p","BS","Y"
332,"2012_Child,Lee_AWantedMan_BS.txt.csv","M","3p","BS","Y"
333,"2012_Clancy,Tom_ThreatVector_BS.txt.csv","M","3p","BS","Y"
334,"2012_Connelly,Michael_TheBlackBox_BS.txt.csv","M","3p","BS","Y"
335,"2012_Day,Sylvia_BaredtoYou_BS.txt.csv","F","1p","BS","Y"
336,"2012_Day,Sylvia_ReflectedinYou_BS.txt.csv","F","1p","BS","Y"
337,"2012_DeMille,Nelson_ThePanther_BS.txt.csv","M","1p","BS","Y"
338,"2012_Evanovich,Janet_NotoriousNineteen_BS.txt.csv","F","1p","BS","Y"
339,"2012_Evanovich,Janet_WickedBusiness_BS.txt.csv","F","1p","BS","Y"
340,"2012_Flynn,Gillian_GoneGirl_BS.txt.csv","F","1p","BS","Y"
341,"2012_Flynn,Vince_KillShot_BS.txt.csv","M","3p","BS","Y"
342,"2012_Flynn,Vince_TheLastMan_BS.txt.csv","M","3p","BS","Y"
343,"2012_Follett,Ken_WinteroftheWorld_BS.txt.csv","M","3p","BS","Y"
344,"2012_Giffin,Emily_WhereWeBelong_BS.txt.csv","F","3p","BS","Y"
345,"2012_Grisham,John_CalicoJoe_BS.txt.csv","M","1p","BS","Y"
346,"2012_Grisham,John_TheConfession_BS.txt.csv","M","3p","BS","Y"
347,"2012_Grisham,John_TheRacketeer_BS.txt.csv","M","1p","BS","Y"
348,"2012_Harris,Charlaine_Deadlocked_BS.txt.csv","F","1p","BS","Y"
349,"2012_Hoover,Colleen_Hopeless_BS.txt.csv","F","1p","BS","Y"
350,"2012_James,EL_FiftyShades_Darker_BS.txt.csv","F","1p","BS","Y"
351,"2012_James,EL_FiftyShadesFreed_BS.txt.csv","F","3p","BS","Y"
352,"2012_Kingsolver,Barbara_FlightBehavior_BS.txt.csv","F","3p","BS","Y"
353,"2012_Landay,William_DefendingJacob_BS.txt.csv","M","1p","BS","Y"
354,"2012_Lyons,CJ_BlindFaith_BS.txt.csv","F","3p","BS","Y"
355,"2012_McLain,Paula_TheParisWife_BS.txt.csv","M","1p","BS","N"
356,"2012_Patterson,James_11thHour_BS.txt.csv","M","1p","BS","Y"
357,"2012_Patterson,James_GuiltyWives_BS.txt.csv","M","1p","BS","N"
359,"2012_Patterson,James_PrivateGames_BS.txt.csv","M","3p","BS","Y"
360,"2012_Picoult,Jodi_LoneWolf_BS.txt.csv","F","1p","BS","Y"
362,"2012_Roberts,Nora_PerfectHope_BS.txt.csv","F","3p","BS","Y"
363,"2012_Roberts,Nora_TheWitness_BS.txt.csv","F","3p","BS","Y"
364,"2012_Rowling,JK_TheCasualVacancy_BS.txt.csv","F","3p","BS","Y"
365,"2012_Sandford,John_MadRiver_BS.txt.csv","M","3p","BS","Y"
366,"2012_Semple,Maria_WheredYouGoBernadette_BS.txt.csv","F","1p","BS","Y"
367,"2012_Sorensen,Jessica_CoincidenceofCallie_BS.txt.csv","F","1p","BS","Y"
368,"2012_Stedman,ML_LightBetweenOceans_BS.txt.csv","F","3p","BS","Y"
369,"2012_Walter,Jess_BeautifulRuins_BS.txt.csv","M","3p","BS","Y"
370,"2013_Albom,Mitch_FirstPhoneCall_BS.txt.csv","M","3p","BS","Y"
371,"2013_Atkinson,Kate_LifeAfterLife_BS.txt.csv","F","3p","BS","Y"
372,"2013_Baldacci,David_KingandMaxwell_BS.txt.csv","M","3p","BS","Y"
373,"2013_Baldacci,David_TheHit_BS.txt.csv","M","3p","BS","Y"
374,"2013_Brown,Dan_Inferno_BS.txt.csv","M","3p","BS","Y"
375,"2013_Child,Lee_HighHeat_BS.txt.csv","M","3p","BS","Y"
376,"2013_Child,Lee_NeverGoBack_BS.txt.csv","M","3p","BS","Y"
377,"2013_Clancy,Tom_CommandAuthority_BS.txt.csv","M","3p","BS","Y"
378,"2013_Clark,MaryHiggins_DaddysGone_BS.txt.csv","F","3p","BS","Y"
379,"2013_Connelly,Michael_GodsofGuilt_BS.txt.csv","M","1p","BS","Y"
380,"2013_Day,Sylvia_EntwinedwithYou_BS.txt.csv","F","1p","BS","Y"
381,"2013_Evanovich,Janet_TakedownTwenty_BS.txt.csv","F","1p","BS","Y"
382,"2013_Galbraith,Robert_TheCuckoosCalling_BS.txt.csv","F","3p","BS","Y"
383,"2013_Grisham,John_SycamoreRow_BS.txt.csv","M","3p","BS","Y"
384,"2013_Harris,Charlaine_DeadEverAfter_BS.txt.csv","F","1p","BS","Y"
385,"2013_Hosseini,Khaled_AndtheMountainsEchoed_BS.txt.csv","M","3p","BS","Y"
386,"2013_Jordan,Robert_AMemoryofLight_BS.txt.csv","M","3p","BS","Y"
387,"2013_King,Stephen_Joyland_BS.txt.csv","M","1p","BS","N"
388,"2013_Kline,ChristinaBaker_OrphanTrain_BS.txt.csv","F","1p","BS","Y"
389,"2013_Lynn,J_WaitForYou_BS.txt.csv","F","1p","BS","Y"
390,"2013_Moriarty,Liane_TheHusbandsSecret_BS.txt.csv","F","3p","BS","Y"
391,"2013_Munro,Alice_DearLife_BS.txt.csv","F","3p","BS","Y"
392,"2013_Patterson,James_12thofNever_BS.txt.csv","M","1p","BS","Y"
393,"2013_Patterson,James_AlexCrossRun_BS.txt.csv","M","1p","BS","Y"
394,"2013_Patterson,James_Mistress_BS.txt.csv","M","1p","BS","Y"
395,"2013_Patterson,James_PrivateBerlin_BS.txt.csv","M","3p","BS","Y"
396,"2013_Patterson,James_SecondHoneymoon_BS.txt.csv","M","1p","BS","Y"
397,"2012_Patterson,James_Zoo_BS.txt.csv","M","3p","BS","Y"
398,"2013_Picoult,Jodi_TheStoryteller_BS.txt.csv","F","1p","BS","N"
399,"2013_Roberts,Nora_DarkWitch_BS.txt.csv","F","3p","BS","Y"
400,"2013_Roberts,Nora_TheLast_Boyfriend_BS.txt.csv","F","3p","BS","Y"
401,"2013_Roberts,Nora_WhiskeyBeach_BS.txt.csv","F","3p","BS","Y"
402,"2013_Saunders,George_TenthOfDecember_BS.txt.csv","F","1p","BS","Y"
403,"2013_Silva,Daniel_EnglishGirl_BS.txt.csv","M","3p","BS","Y"
404,"2013_Sparks,Nicholas_TheLongestRide_BS.txt.csv","M","3p","BS","Y"
405,"2013_Tartt,Donna_The_Goldfinch_BS.txt.csv","F","1p","BS","N"
406,"2014_Baldacci,David_Target_BS.txt.csv","M","3p","BS","Y"
407,"2014_Clark,MaryHiggins_IveGotYouUnder_BS.txt.csv","F","3p","BS","Y"
408,"2014_Coben,Harlan_MissingYou_BS.txt.csv","M","3p","BS","Y"
409,"2014_Coben,Harlan_SixYears_BS.txt.csv","M","1p","BS","Y"
410,"2014_Kidd,SueMonk_TheInventionofWings_BS.txt.csv","F","1p","BS","Y"
411,"2014_Paige,Laurelin_TheFixedTrilogy_BS.txt.csv","F","1p","BS","N"
412,"2014_Patterson,James_Karp,Marshall_NYPDRed2_BS.txt.csv","M","1p","BS","N"
413,"2014_Patterson,James_Private1Suspect_BS.txt.csv","M","1p","BS","Y"
414,"2014_Patterson,James_Sullivan,Mark_PrivateLA_BS.txt.csv","M","1p","BS","N"
415,"2014_Roberts,Nora_ShadowSpell_BS.txt.csv","F","3p","BS","Y"
416,"2014_Roberts,Nora_TheCollector_BS.txt.csv","F","3p","BS","Y"
417,"2001_2011_Wilson,RobertCharles_TheChronoliths_SF.txt.csv","M","1p","SF","N"
418,"2002_2011_Anderson,MT_Feed_SF.txt.csv","M","1p","SF","Y"
419,"2006_Campbell,Jack_TheLostFleet_SF.txt.csv","M","1p","SF","Y"
420,"2009_Niven,Larry_EscapeFromHell_SF.txt.csv","M","1p","SF","Y"
421,"2010_Atwood,Margaret_TheYearoftheFlood_SF.txt.csv","F","1p","SF","Y"
422,"2010_Bacigalupi,Paolo_ShipBreaker_SF.txt.csv","M","3p","SF","Y"
423,"2010_Barnes,John_Directive51_SF.txt.csv","M","1p","SF","Y"
424,"2010_Bear,Greg_HullZeroThree_SF.txt.csv","M","1p","SF","Y"
425,"2010_Bujold,LoisMcMaster_Cryoburn_SF.txt.csv","F","3p","SF","Y"
426,"2010_Cronin,Justin_ThePassage_SF.txt.csv","M","3p","SF","Y"
427,"2010_Frey,JM_Triptych_SF.txt.csv","F","3p","SF","Y"
428,"2010_Gonzales,Laurence_Lucy_SF.txt.csv","M","3p","SF","Y"
429,"2010_Grant,Mira_Feed_SF.txt.csv","F","1p","SF","N"
430,"2010_Haldeman,Joe_Starbound_SF.txt.csv","M","1p","SF","Y"
431,"2010_Maberry,Jonathan_RotandRuin_SF.txt.csv","M","3p","SF","Y"
433,"2010_Nunez,Sigrid_SalvationCity_SF.txt.csv","F","3p","SF","Y"
434,"2010_Pfeffer,SusanBeth_ThisWorldWeLiveIn_SF.txt.csv","F","1p","SF","Y"
435,"2010_Rajaniemi,Hannu_TheQuantumThief_SF.txt.csv","M","1p","SF","N"
436,"2010_Richards,DouglasE_Wired_SF.txt.csv","M","3p","SF","Y"
437,"2010_Ringo,John_LiveFreeorDie_SF.txt.csv","M","3p","SF","Y"
438,"2010_Shteyngart,Gary_SuperSadTrueLoveStory_SF.txt.csv","M","1p","SF","Y"
440,"2010_Tufo,Mark_ZombieFallout_SF.txt.csv","M","1p","SF","Y"
441,"2010_Walton,Jo_AmongOthers_SF.txt.csv","F","1p","SF","Y"
442,"2010_Willis,Connie_AllClear_SF.txt.csv","F","3p","SF","Y"
443,"2010_Willis,Connie_Blackout_SF.txt.csv","F","1p","SF","Y"
444,"2011_Bear,Elizabeth_Grail_SF.txt.csv","F","3p","SF","Y"
445,"2011_Bick,IlsaJ_Ashes_SF.txt.csv","F","3p","SF","Y"
446,"2011_Brooks,Albert_2030_SF.txt.csv","M","3p","SF","Y"
447,"2011_Cline,Ernest_ReadyPlayerOne_SF.txt.csv","M","1p","SF","Y"
448,"2011_Corey,JamesSA_LeviathanWakes_SF.txt.csv","M","3p","SF","Y"
449,"2011_Forstchen,WilliamR_OneSecondAfter_SF.txt.csv","M","3p","SF","Y"
450,"2011_Frater,Rhiannon_FightingtoSurvive_SF.txt.csv","F","3p","SF","Y"
451,"2011_Herbert,Brian_Hellhole_SF.txt.csv","M","3p","SF","Y"
452,"2011_Hertling,William_AvogadroCorp_SF.txt.csv","M","3p","SF","Y"
454,"2011_Johnson,Jean_ASoldiersDuty_SF.txt.csv","F","3p","SF","Y"
455,"2011_Jordan,Hillary_WhenSheWoke_SF.txt.csv","F","3p","SF","Y"
458,"2011_Mayer,AndrewP_HeartsofSmokeandStream_SF.txt.csv","M","3p","SF","Y"
459,"2011_McDevitt,Jack_Firebird_SF.txt.csv","M","1p","SF","Y"
460,"2011_McIntosh,Will_SoftApocalypse_SF.txt.csv","M","1p","SF","Y"
461,"2011_Nickle,David_Eutopia_SF.txt.csv","M","3p","SF","Y"
462,"2011_North,Anna_AmericaPacifica_SF.txt.csv","F","3p","SF","Y"
463,"2011_Revis,Beth_AcrosstheUniverse_SF.txt.csv","F","1p","SF","Y"
464,"2011_Ringo,John_Citadel_SF.txt.csv","M","3p","SF","Y"
465,"2011_Sandler,Karen_Tankborn_SF.txt.csv","F","3p","SF","Y"
466,"2011_Sawyer,RobertJ_Wonder_SF.txt.csv","M","3p","SF","Y"
467,"2011_Scalzi,John_FuzzyNation_SF.txt.csv","M","3p","SF","Y"
468,"2011_Shean,Michael_ShadowofaDeadStar_SF.txt.csv","M","3p","SF","Y"
469,"2011_Slonczewski,Joan_TheHighestFrontier_SF.txt.csv","F","3p","SF","Y"
470,"2011_Stephenson,Neal_Reamde_SF.txt.csv","M","3p","SF","Y"
471,"2011_Stross,Charles_Rule34_SF.txt.csv","M","1p","SF","Y"
472,"2011_Vinge,Vernor_ChildrenoftheSky_SF.txt.csv","M","3p","SF","Y"
473,"2011_Weir,Andy_TheMartian_SF.txt.csv","M","1p","SF","Y"
474,"2011_Whitehead,Colson_ZoneOne_SF.txt.csv","M","3p","SF","Y"
475,"2011_Wilson,DanielH_Robopocalypse_SF.txt.csv","M","1p","SF","Y"
476,"2012_Adams,David_Lacuna_SF.txt.csv","M","3p","SF","Y"
477,"2012_Ashby,Madeline_vN_SF.txt.csv","F","3p","SF","Y"
478,"2012_Banks_Banks,IainM_SF.txt.csv","M","3p","SF","Y"
479,"2012_Boudinot,Ryan_BlueprintsoftheAfterlife_SF.txt.csv","M","1p","SF","Y"
480,"2012_Brin,David_Existence_SF.txt.csv","M","3p","SF","Y"
481,"2012_Buckell,TobiasS_ArcticRising_SF.txt.csv","M","3p","SF","Y"
482,"2012_Bujold,LoisMcMaster_CaptainVorpatrilsAlliance_SF.txt.csv","F","3p","SF","Y"
483,"2012_Cherryh,CJ_Intruder_SF.txt.csv","F","3p","SF","Y"
484,"2012_Cramer,Scott_NightofthePurpleMoon_SF.txt.csv","M","3p","SF","Y"
485,"2012_Crouch,Blake_Pines_SF.txt.csv","M","3p","SF","Y"
486,"2012_Fagan,Jenni_ThePanopticon_SF.txt.csv","F","1p","SF","Y"
487,"2012_Frankel,Laurie_GoodbyeforNow_SF.txt.csv","F","3p","SF","Y"
488,"2012_Gould,Steven_Impulse_SF.txt.csv","M","1p","SF","Y"
489,"2012_Harkaway,Nick_Angelmaker_SF.txt.csv","M","3p","SF","Y"
490,"2012_Heller,Peter_TheDogStars_SF.txt.csv","M","1p","SF","Y"
491,"2012_Howey,Hugh_Wool_SF.txt.csv","M","3p","SF","Y"
492,"2012_Hurley,Kameron_Rapture_SF.txt.csv","F","3p","SF","Y"
493,"2012_Jones,PaulAntony_ExtinctionPoint_SF.txt.csv","M","3p","SF","Y"
494,"2012_Kress,Nancy_AftertheFall_SF.txt.csv","F","3p","SF","Y"
495,"2012_Lerner,EdwardM_Energized_SF.txt.csv","M","3p","SF","Y"
496,"2012_Mead,Richelle_TheImmortalCrown_SF.txt.csv","F","3p","SF","Y"
497,"2012_Molles,DJ_TheRemaining_SF.txt.csv","M","3p","SF","Y"
498,"2012_Mullin,Mike_AshenWinter_SF.txt.csv","M","1p","SF","Y"
499,"2012_Naam,Ramez_Nexus_SF.txt.csv","M","3p","SF","Y"
500,"2012_OBrien,CaraghM_Promised_SF.txt.csv","M","3p","SF","Y"
501,"2012_Phillips,Richard_TheSecondShip_SF.txt.csv","M","3p","SF","Y"
502,"2012_Rajaniemi,Hannu_TheFractalPrince_Sf.txt.csv","M","1p","SF","N"
503,"2012_Roberts,Adam_JackGlass_SF.txt.csv","M","3p","SF","Y"
504,"2012_Robinson,KimStanley_2312_SF.txt.csv","F","3p","SF","Y"
505,"2012_Sawyer,RobertJ_Triggers_SF.txt.csv","M","3p","SF","Y"
506,"2012_Shepherd,Mike_KrisLongknife_SF.txt.csv","M","3p","SF","Y"
508,"2012_Smitherd,Luke_TheStoneMan_SF.txt.csv","M","1p","SF","Y"
509,"2012_Suarez,Daniel_KillDecision_SF.txt.csv","M","3p","SF","Y"
510,"2012_Varley,John_SlowApocalypse_SF.txt.csv","M","3p","SF","Y"
511,"2012_Walker,KarenThompson_TheAgeofMiracles_SF.txt.csv","F","1p","SF","Y"
512,"2012_Weber,David_ARisingThunder_SF.txt.csv","M","3p","SF","Y"
513,"2012_Williams,WalterJon_TheFourthWall_SF.txt.csv","M","1p","SF","Y"
514,"2013_Aguirre,AA_BronzeGods_SF.txt.csv","F","3p","SF","Y"
515,"2013_Ashby,Madeline_iD_SF.txt.csv","F","3p","SF","Y"
516,"2013_Asher,Neal_JupiterWar_SF.txt.csv","M","3p","SF","Y"
517,"2013_Asher,Neal_TheDeparture_SF.txt.csv","M","3p","SF","Y"
518,"2013_Barry,Max_Lexicon_SF.txt.csv","M","3p","SF","Y"
519,"2013_Baxter,Stephen_Proxima_SF.txt.csv","M","3p","SF","Y"
520,"2013_Bick,IlsaJ_Monsters_SF.txt.csv","F","3p","SF","Y"
521,"2013_Bova,Ben_NewEarth_SF.txt.csv","M","3p","SF","Y"
522,"2013_Haig,Matt_TheHumans_SF.txt.csv","M","1p","SF","Y"
523,"2013_Hertling,William_TheLastFirewall_SF.txt.csv","M","3p","SF","Y"
524,"2013_Howey,Hugh_Dust_SF.txt.csv","M","3p","SF","Y"
525,"2013_Hudspeth,EB_TheResurrectionist_SF.txt.csv","M","1p","SF","Y"
526,"2013_Istvan,Zoltan_TheTranshumanistWager_SF.txt.csv","M","3p","SF","Y"
527,"2013_Karsak,Melanie_ChasingtheStarGarden_SF.txt.csv","F","1p","SF","Y"
528,"2013_Kaufman,Amie_TheseBrokenStars_SF.txt.csv","F","1p","SF","N"
529,"2013_Kincaid,SJ_Vortex_SF.txt.csv","F","3p","SF","Y"
530,"2013_Leckie,Ann_AncillaryJustice_SF.txt.csv","F","1p","SF","N"
531,"2013_Lord,Karen_TheBestofAllPossibleWorlds_SF.txt.csv","F","1p","SF","Y"
532,"2013_Mather,Matthew_TheAtopiaChronicles_SF.txt.csv","M","1p","SF","N"
533,"2013_Mather,Matthew_TheDystopiaChronicles_SF.txt.csv","M","3p","SF","Y"
534,"2013_McGinnis,MarkWayne_ScrapyardShip_SF.txt.csv","M","3p","SF","Y"
535,"2013_McIntosh,Will_LoveMinusEighty_SF.txt.csv","M","3p","SF","Y"
536,"2013_Monk,Devon_ColdCopper_SF.txt.csv","M","3p","SF","Y"
538,"2013_Priest,Christopher_TheAdjacent_SF.txt.csv","M","1p","SF","Y"
539,"2013_Reynolds,Alastair_OntheSteelBreeze_SF.txt.csv","M","1p","SF","N"
540,"2013_Riddle,AG_TheAtlantisGene_SF.txt.csv","M","3p","SF","Y"
541,"2013_Robinson,KimStanley_Shaman_SF.txt.csv","F","3p","SF","Y"
542,"2013_Schwab,VE_Vicious_SF.txt.csv","F","3p","SF","Y"
543,"2013_Scott,JasperT_DarkSpace_SF.txt.csv","M","3p","SF","Y"
544,"2013_Stross,Charles_NeptunesBrood_SF.txt.csv","M","1p","SF","N"
545,"2013_Pratchett,Terry_TheLongEarth_SF.txt.csv","M","3p","SF","Y"
546,"2013_Weber,David_ShadowofFreedom_SF.txt.csv","M","3p","SF","Y"
547,"2013_Wehr,Dietmar_TheSynchronicityWarPart1_SF.txt.csv","M","1p","SF","N"
548,"2013_Wilson,RobertCharles_BurningParadise_SF.txt.csv","M","3p","SF","Y"
549,"2013_Winters,BenH_CountdownCity_SF.txt.csv","M","1p","SF","Y"
550,"2013_Yanagihara,Hanya_ThePeopleintheTrees_SF.txt.csv","F","1p","SF","N"
551,"2014_Aguirre,AA_SilverMirrors_SF.txt.csv","F","3p","SF","Y"
553,"2014_Cambias,JamesL_ADarklingSea_SF.txt.csv","M","3p","SF","Y"
554,"2014_Card,OrsonScott_Visitors_SF.txt.csv","M","3p","SF","Y"
555,"2014_Carey,MR_TheGirlWithAlltheGifts_SF.txt.csv","M","3p","SF","Y"
557,"2014_Gibson,William_ThePeripheral_SF.txt.csv","M","3p","SF","Y"
558,"2014_Gould,Steven_Exo_SF.txt.csv","M","1p","SF","Y"
559,"2014_Gray,Claudia_AThousandPiecesofYou_SF.txt.csv","F","1p","SF","Y"
560,"2014_Gregory,Daryl_Afterparty_SF.txt.csv","M","1p","SF","Y"
561,"2014_Heppner,Vaughn_StarViking_SF.txt.csv","M","1p","SF","N"
562,"2014_Herbert,Brian_HellholeInferno_SF.txt.csv","M","3p","SF","Y"
563,"2014_Higson,Charlie_TheHunted_SF.txt.csv","M","3p","SF","Y"
564,"2014_Hile,Christiaan_Deception_SF.txt.csv","M","1p","SF","N"
565,"2014_Hile,Christiaan_War267_SF.txt.csv","M","3p","SF","Y"
566,"2014_Ingermanson,RS_Transgression_SF.txt.csv","M","3p","SF","Y"
567,"2014_Itaranta,Emmi_MemoryofWater_SF.txt.csv","F","1p","SF","Y"
568,"2014_Johnson,Jean_Hardship_SF.txt.csv","F","3p","SF","Y"
569,"2014_Karsak,Melanie_ChasingtheGreenFairy_SF.txt.csv","F","1p","SF","Y"
570,"2014_Kloos,Marko_LinesofDeparture_SF.txt.csv","M","1p","SF","Y"
571,"2014_Leckie,Ann_AncillarySword_SF.txt.csv","F","1p","SF","N"
572,"2014_Mandel,EmilyStJohn_StationEleven_SF.txt.csv","F","3p","SF","Y"
573,"2014_McDevitt,Jack_ComingHome_SF.txt.csv","M","1p","SF","Y"
574,"2014_Mead,Richelle_GameboardoftheGods_SF.txt.csv","F","3p","SF","Y"
575,"2014_Monk,Devon_HouseImmortal_SF.txt.csv","F","1p","SF","Y"
576,"2014_Morrow,JasonD_AnywherebutHere_SF.txt.csv","M","1p","SF","Y"
577,"2014_North,Claire_TheFirstFifteenLives_SF.txt.csv","F","1p","SF","Y"
578,"2014_Nuttall,Christopher_ArkRoyal_SF.txt.csv","M","3p","SF","Y"
579,"2014_Paull,Laline_TheBees_SF.txt.csv","F","3p","SF","Y"
580,"2014_Richards,DouglasE_QuantumLens_SF.txt.csv","M","3p","SF","Y"
581,"2014_Riddle,AG_Departure_SF.txt.csv","M","1p","SF","Y"
582,"2014_Rowell,Rainbow_Landline_SF.txt.csv","F","3p","SF","Y"
583,"2014_Smith,NicholasSansbury_ExtinctionHorizon_SF.txt.csv","M","3p","SF","Y"
585,"2014_VanderMeer,Jeff_Authority_SF.txt.csv","M","3p","SF","Y"
586,"2014_Watts,Peter_Echopaxia_SF.txt.csv","M","3p","SF","Y"
587,"2014_Wells,JenniferFoehner_Fluency_SF.txt.csv","F","3p","SF","Y"
588,"2014_Wilson,DanielH_Robogenesis_SF.txt.csv","M","1p","SF","Y"
589,"2014_Yancey,Rick_TheInfiniteSea_SF.txt.csv","M","1p","SF","N"
590,"2015_Bacigalupi,Paolo_TheWaterKnife_SF.txt.csv","M","3p","SF","Y"
591,"2015_Brown,Pierce_GoldenSon_SF.txt.csv","M","1p","SF","Y"
592,"2015_Cherryh,CJ_Tracker_SF.txt.csv","F","3p","SF","Y"
593,"2015_Chu,Wesley_TheRebirthspfTao_SF.txt.csv","M","3p","SF","Y"
594,"2015_Clines,Peter_TheFold_SF.txt.csv","M","3p","SF","Y"
595,"2015_Corey,JamesSA_NemesisGames_SF.txt.csv","M","3p","SF","Y"
596,"2015_Dawson,DelilahS_Hit_SF.txt.csv","F","1p","SF","Y"
597,"2015_Douglas,Ian_DeepTime_SF.txt.csv","M","3p","SF","Y"
598,"2015_Ee,Susan_EndofDays_SF.txt.csv","F","1p","SF","Y"
599,"2015_Goodwin,Emily_Contagious_SF.txt.csv","F","1p","SF","Y"
600,"2015_Greenfeld,KarlTaro_TheSubprimes_SF.txt.csv","M","1p","SF","Y"
601,"2015_Grossart,Chuck_TheGeminiEffect_SF.txt.csv","M","3p","SF","Y"
602,"2015_Headley,MariaDahvana_Magonia_SF.txt.csv","F","1p","SF","Y"
603,"2015_Heppner,Vaughn_TheLostDestroyer_SF.txt.csv","M","3p","SF","Y"
604,"2015_Keyes,Greg_FootstepsintheSky_SF.txt.csv","M","3p","SF","Y"
605,"2015_Kloos,Marko_AnglesofAttack_SF.txt.csv","M","1p","SF","Y"
606,"2015_Logan,Kirsty_TheGracekeepers_SF.txt.csv","F","3p","SF","Y"
607,"2015_Lord,Karen_TheGalaxyGame_SF.txt.csv","F","3p","SF","Y"
608,"2015_Matson,Lynne_NilUnlocked_SF.txt.csv","F","1p","SF","Y"
609,"2015_McCammon,Robert_TheBorder_SF.txt.csv","M","3p","SF","Y"
610,"2015_Naam,Ramez_Apex_SF.txt.csv","M","3p","SF","Y"
611,"2015_Rosen,LevAC_Depth_SF.txt.csv","M","3p","SF","Y"
612,"2015_Rotter,Jeffrey_TheOnlyWords_SF.txt.csv","M","1p","SF","Y"
613,"2015_Sanderson,Brandon_Firefight_SF.txt.csv","M","1p","SF","N"
614,"2015_Stephenson,Neal_Seveneves_SF.txt.csv","M","3p","SF","Y"
615,"2015_Walton,David_Superposition_SF.txt.csv","M","1p","SF","Y"
616,"2015_Wellington,David_Positive_SF.txt.csv","M","1p","SF","Y"
617,"2015_William,EliKP_CashCrashJubilee_SF.txt.csv","M","3p","SF","Y"
618,"2015_Womack,Gwendolyn_TheMemoryPainter_SF.txt.csv","F","3p","SF","Y"
619,"2003_Low,Gennita_IntoDanger_ROM.txt.csv","F","3p","ROM","Y"
620,"2007_Grimm,Sarah_AfterMidnight_ROM.txt.csv","F","3p","ROM","Y"
621,"2010_Pineiro,Caridad_StrongerthanSin_ROM.txt.csv","F","3p","ROM","Y"
622,"2010_Wilson,Norah_GuardingSuzannah_ROM.txt.csv","F","3p","ROM","Y"
623,"2011_Brookes,Lindsey_CapturingtheCowboysHeart_ROM.txt.csv","F","3p","ROM","Y"
624,"2011_Carew,Opal_InTooDeep_ROM.txt.csv","F","3p","ROM","Y"
625,"2011_Fenech,Karen_Imposter_ROM.txt.csv","F","3p","ROM","Y"
626,"2012_Brogan,Tracy_CrazyLittleThing_ROM.txt.csv","F","1p","ROM","Y"
627,"2012_Elliot,Kendra_Chilled_ROM.txt.csv","F","3p","ROM","Y"
628,"2012_Elliot,Kendra_Hidden_ROM.txt.csv","F","3p","ROM","Y"
629,"2012_Jacobs,Mara_WorthTheDrive_ROM.txt.csv","F","3p","ROM","Y"
630,"2012_Kelly,Leslie_BringingDownSam_ROM.txt.csv","F","3p","ROM","Y"
631,"2012_Morgan,KelliAnne_TheRancher_ROM.txt.csv","F","3p","ROM","Y"
632,"2012_Shawn,Melanie_SweetReunion_ROM.txt.csv","F","3p","ROM","Y"
633,"2012_Sheehan,Madeline_Undeniable_ROM.txt.csv","F","3p","ROM","Y"
634,"2013_Daniels,Elise_Awake_ROM.txt.csv","F","1p","ROM","Y"
635,"2013_Dune,Lyla_LowTideBikini_ROM.txt.csv","F","3p","ROM","Y"
636,"2013_Elliot,Kendra_Buried_ROM.txt.csv","F","3p","ROM","Y"
637,"2013_Gabriel,Julia_Cupcakes&Chardonnay_ROM.txt.csv","F","3p","ROM","Y"
638,"2013_Jaymes,River_TheBackupBoyfriend_ROM.txt.csv","F","3p","ROM","Y"
639,"2013_Layne,Kennedy_SinfulResurrection_ROM.txt.csv","F","3p","ROM","Y"
640,"2013_Madden,JM_EmbattledHearts_ROM.txt.csv","F","3p","ROM","Y"
641,"2013_Marton,Dana_Deathtrap_ROM.txt.csv","F","3p","ROM","Y"
642,"2013_McCarthy,Kate_FightingRedemption_ROM.txt.csv","F","3p","ROM","Y"
643,"2013_Meyer,Tijan_CarterReed_ROM.txt.csv","F","1p","ROM","Y"
644,"2013_Moore,Addison_BeautifulOblivion_ROM.txt.csv","F","1p","ROM","Y"
645,"2013_Mummert,Teresa_TheNote_ROM.txt.csv","F","1p","ROM","Y"
646,"2013_Reynard,Sylvain_GabrielsRedemption_ROM.txt.csv","F","3p","ROM","Y"
647,"2013_Sex,Nikki_WhatWendyWants_ROM.txt.csv","F","3p","ROM","Y"
648,"2013_Simsion,Graeme_TheRosieProject_ROM.txt.csv","M","1p","ROM","Y"
650,"2014_Adams,Carina_ForeverRed_ROM.txt.csv","F","1p","ROM","Y"
651,"2014_Adams,Evelyn_FeelsLikeHome_ROM.txt.csv","F","3p","ROM","Y"
652,"2014_Armentrout,JenniferL_TheReturn_ROM.txt.csv","F","1p","ROM","Y"
653,"2014_Ashley,Kristen_TheWill_ROM.txt.csv","F","1p","ROM","Y"
654,"2014_Aurora,Belle_RAW_ROM.txt.csv","F","1p","ROM","Y"
655,"2014_Blakely,Lauren_NightAfterNight_ROM.txt.csv","F","3p","ROM","Y"
656,"2014_Brant,Kylie_11_ROM.txt.csv","F","3p","ROM","Y"
657,"2014_Brogan,Tracy_TheBestMedicine_ROM.txt.csv","F","1p","ROM","Y"
658,"2014_Bromberg,K_Crashed_ROM.txt.csv","F","1p","ROM","N"
659,"2014_Charles,Ann_TheGreatJackalopeStampede_ROM.txt.csv","F","3p","ROM","Y"
660,"2014_Chase,Emma_Tamed_ROM.txt.csv","F","1p","ROM","Y"
661,"2014_Connor,Claudia_WorththeFall_ROM.txt.csv","F","3p","ROM","Y"
662,"2014_Dare,Tessa_RomancingtheDuke_ROM.txt.csv","F","3p","ROM","Y"
663,"2014_Elliot,Kendra_Alone_ROM.txt.csv","F","3p","ROM","Y"
664,"2014_Elliot,Kendra_Vanished_ROM.txt.csv","F","3p","ROM","Y"
665,"2014_Flynn,Avery_HollywoodonTap_ROM.txt.csv","F","3p","ROM","Y"
666,"2014_Gabaldon,Diana_WritteninMyOwnHeartsBlood_ROM.txt.csv","F","3p","ROM","Y"
667,"2014_Hannon,Irene_OnePerfectSpring_ROM.txt.csv","F","3p","ROM","Y"
668,"2014_Harber,Cristin_SweetGirl_ROM.txt.csv","F","3p","ROM","Y"
669,"2014_Harlow,Melanie_Forked_ROM.txt.csv","F","1p","ROM","Y"
670,"2014_Harlow,Melanie_Frenched_ROM.txt.csv","F","1p","ROM","N"
671,"2014_Holden,Kim_BrightSide_ROM.txt.csv","F","1p","ROM","Y"
672,"2014_Hoover,Colleen_MaybeSomeday_ROM.txt.csv","F","1p","ROM","Y"
673,"2014_Hoover,Colleen_UglyLove_ROM.txt.csv","F","1p","ROM","Y"
674,"2014_Ione,Larissa_Azagoth_ROM.txt.csv","F","3p","ROM","Y"
675,"2014_James,Elle_SEALsEmbrace_ROM.txt.csv","F","3p","ROM","Y"
676,"2014_Jewel,Bella_TilDeathVolumeOne_ROM.txt.csv","F","1p","ROM","Y"
677,"2014_Langston,K_UntilYoureMine_ROM.txt.csv","F","1p","ROM","Y"
678,"2014_Lauren,Christina_SweetFilthyBoy_ROM.txt.csv","F","1p","ROM","Y"
679,"2014_Leigh,Melinda_HourofNeed_ROM.txt.csv","F","3p","ROM","Y"
680,"2014_LoveWins,Bella_CabinHeat_ROM.txt.csv","F","3p","ROM","Y"
681,"2014_Lund,SE_TheAgreement_ROM.txt.csv","F","1p","ROM","Y"
682,"2014_Maxlyn,Amanda_WhatsLeftofMe_ROM.txt.csv","F","1p","ROM","Y"
683,"2014_McLean,Jay_MoreThanHim_ROM.txt.csv","F","1p","ROM","Y"
684,"2014_Mercier,Anne_FallingDown_ROM.txt.csv","F","1p","ROM","Y"
685,"2014_Netzel,AC_TheCasualRule_ROM.txt.csv","F","1p","ROM","Y"
686,"2014_Noble,Olivia_DeadlyLust_ROM.txt.csv","F","3p","ROM","Y"
687,"2014_Noble,Olivia_SecretsExposed_ROM.txt.csv","F","3p","ROM","Y"
688,"2014_Noble,Olivia_ThePrivateRoom_ROM.txt.csv","F","3p","ROM","Y"
689,"2014_Phillips,Carly_DaretoDesire_ROM.txt.csv","F","3p","ROM","Y"
690,"2014_Raine,Alice_TheDarknessWithinHim_ROM.txt.csv","F","1p","ROM","Y"
691,"2014_Savage,Shay_Transcendence_ROM.txt.csv","F","1p","ROM","N"
692,"2014_Scott,Kylie_Play_ROM.txt.csv","F","1p","ROM","Y"
693,"2014_Sheridan,Mia_ArchersVoice_ROM.txt.csv","F","1p","ROM","Y"
694,"2014_Singh,Nalini_ShieldofWinter_ROM.txt.csv","F","3p","ROM","Y"
695,"2014_StClaire,Roxanne_BarefootinWhite_ROM.txt.csv","F","3p","ROM","Y"
696,"2014_Torre,Alessandra_BlackLies_ROM.txt.csv","F","1p","ROM","Y"
697,"2014_Ward,JR_TheKing_ROM.txt.csv","F","3p","ROM","Y"
698,"2014_Ward,Penelope_StepbrotherDearest_ROM.txt.csv","F","1p","ROM","Y"
699,"2014_Wilder,Jasinda_FallingAway_ROM.txt.csv","F","1p","ROM","Y"
700,"2014_Wright,Cynthia_SmugglersMoon_ROM.txt.csv","F","3p","ROM","Y"
701,"2014_York,Zoe_LoveinaSmallTown_ROM.txt.csv","F","3p","ROM","Y"
702,"2014_Young,Samantha_BeforeJamaicaLane_ROM.txt.csv","F","1p","ROM","Y"
703,"2014_Zanders,Abbie_DangerousSecrets_ROM.txt.csv","F","3p","ROM","Y"
704,"2015_Alexander,Victoria_TheDaringExploitsofaRunawayHeiress_ROM.txt.csv","F","3p","ROM","Y"
705,"2015_Armentrout,JenniferL_FallWithMe_ROM.txt.csv","F","1p","ROM","Y"
706,"2015_Ashley,Jennifer_Grant_ROM.txt.csv","F","3p","ROM","Y"
707,"2015_Bladon,Deborah_CHANCE_ROM.txt.csv","F","1p","ROM","Y"
708,"2015_Bladon,Deborah_EMBER_ROM.txt.csv","F","1p","ROM","Y"
709,"2015_Blair,EK_Echo_ROM.txt.csv","F","1p","ROM","Y"
710,"2015_Bowen,Sarina_ShootingFortheStars_ROM.txt.csv","F","3p","ROM","Y"
711,"2015_Boyd,Natasha_DeepBlueEternity_ROM.txt.csv","F","1p","ROM","Y"
712,"2015_Brent,Cora_Unruly_ROM.txt.csv","F","1p","ROM","Y"
714,"2015_Callihan,Kristen_TheFriendZone_ROM.txt.csv","F","1p","ROM","Y"
715,"2015_Carmack,Cora_AllPlayedOut_ROM.txt.csv","F","1p","ROM","Y"
716,"2015_Carter,Mina_TheMistresstakesaMate_ROM.txt.csv","F","3p","ROM","Y"
717,"2015_Clare,Jessica_LastKiss_ROM.txt.csv","F","1p","ROM","Y"
718,"2015_Cole,Courtney_VERUM_ROM.txt.csv","F","1p","ROM","Y"
719,"2015_Cole,Kresley_TheMaster_ROM.txt.csv","F","1p","ROM","Y"
720,"2015_Cooper,JS_OneNightStand_ROM.txt.csv","F","1p","ROM","Y"
721,"2015_Crews,Caitlin_GreeksLastRedemption_ROM.txt.csv","F","3p","ROM","Y"
722,"2015_Cross,Kaylea_CollateralDamage_ROM.txt.csv","F","3p","ROM","Y"
723,"2015_Crownover,Jay_Asa_ROM.txt.csv","F","1p","ROM","Y"
724,"2015_Cruise,Marilyn_TheBlackChapel_ROM.txt.csv","F","1p","ROM","Y"
725,"2015_Douglas,Penelope_FallingAway_ROM.txt.csv","F","1p","ROM","N"
726,"2015_Edwards,Nicole_Brendon_ROM.txt.csv","F","3p","ROM","Y"
727,"2015_Edwards,Nicole_Sawyer_ROM.txt.csv","F","3p","ROM","Y"
728,"2015_Elliot,Kendra_Bridged_ROM.txt.csv","F","3p","ROM","Y"
729,"2015_Elliott,Kelly_HoldingYou_ROM.txt.csv","F","1p","ROM","Y"
730,"2015_Feehan,Christine_CatsLair_ROM.txt.csv","F","3p","ROM","Y"
731,"2015_Fisher,Tarryn_Marrow_ROM.txt.csv","F","1p","ROM","Y"
732,"2015_Foor,Jennifer_Binge_ROM.txt.csv","F","1p","ROM","Y"
733,"2015_Ford,Hannah_WhatHeFights_ROM.txt.csv","F","1p","ROM","Y"
734,"2015_Frank,Ella_Trust_ROM.txt.csv","F","3p","ROM","Y"
735,"2015_Frost,Jeaniene_BoundByFlames_ROM.txt.csv","F","1p","ROM","Y"
736,"2015_Glines,Abbi_WhenImGone_ROM.txt.csv","F","1p","ROM","Y"
737,"2015_Halle,Karina_WhereSeaMeetsSky_ROM.txt.csv","F","1p","ROM","Y"
738,"2015_Harlow,Melanie_Floored_ROM.txt.csv","F","1p","ROM","Y"
740,"2015_Harper,ES_UnexpectedFate_ROM.txt.csv","M","1p","ROM","Y"
741,"2015_Harrison,Thea_MidnightsKiss_ROM.txt.csv","F","3p","ROM","Y"
742,"2015_Hart,Emma_DirtyPast_ROM.txt.csv","F","1p","ROM","Y"
743,"2015_Hawk,Chloe_StepbrotherProtects_ROM.txt.csv","F","1p","ROM","Y"
744,"2015_Hewitt,Kate_MarakaiosMarriage_ROM.txt.csv","F","3p","ROM","Y"
745,"2015_Hunting,Helena_PUCKED_ROM.txt.csv","F","1p","ROM","Y"
747,"2015_Jagger,Eve_Hard_ROM.txt.csv","F","1p","ROM","Y"
748,"2015_James,Nicole_WOLF_ROM.txt.csv","F","3p","ROM","Y"
749,"2015_Jewel,Bella_TilDeath_ROM.txt.csv","F","1p","ROM","Y"
750,"2015_Jewel,Bella_TilDeathVolumeTwo_ROM.txt.csv","F","1p","ROM","Y"
751,"2015_Kennedy,Elle_FlashFire_ROM.txt.csv","F","3p","ROM","Y"
752,"2015_Kennedy,Elle_TheDeal_ROM.txt.csv","F","1p","ROM","Y"
753,"2015_Kennedy,Elle_TheMistake_ROM.txt.csv","F","1p","ROM","Y"
754,"2015_King,CM_ICherishYourHeart_ROM.txt.csv","F","1p","ROM","Y"
755,"2015_Lain,Tara_KnightofOceanAvenue_ROM.txt.csv","F","3p","ROM","Y"
756,"2015_Leighten,M_PocketfulofSand_ROM.txt.csv","F","1p","ROM","Y"
757,"2015_Lewis,RJ_Carter_ROM.txt.csv","F","1p","ROM","Y"
758,"2015_Lewis,RJ_Leah_ROM.txt.csv","F","1p","ROM","Y"
759,"2015_Linde,KA_Diamonds_ROM.txt.csv","F","3p","ROM","Y"
760,"2015_Lynn,Michelle_LoveSurfaced_ROM.txt.csv","F","1p","ROM","Y"
761,"2015_Lynn,Sandi_HisProposedDeal_ROM.txt.csv","F","1p","ROM","Y"
762,"2015_Lynn,Sandi_LoveLust&AMillionaire_ROM.txt.csv","F","1p","ROM","N"
763,"2015_Mabie,M_Sail_ROM.txt.csv","F","1p","ROM","Y"
764,"2015_MacLean,Julianne_TheColorofJoy_ROM.txt.csv","F","1p","ROM","Y"
765,"2015_Macomber,Debbie_BackonBlossomStreet_ROM.txt.csv","F","3p","ROM","Y"
766,"2015_Malpas,JodiEllen_OneNightUnveiled_ROM.txt.csv","F","1p","ROM","N"
767,"2015_Martin,Lex_KissingMadeline_ROM.txt.csv","F","1p","ROM","Y"
768,"2015_Mathewson,RL_DoubleDare_ROM.txt.csv","F","3p","ROM","Y"
769,"2015_McLaughlin,Heidi_ChooseMe_ROM.txt.csv","F","1p","ROM","Y"
770,"2015_McLean,Jay_WhereTheRoadTakesMe_ROM.txt.csv","F","1p","ROM","Y"
771,"2015_Mead,Richelle_TheRubyCircle_ROM.txt.csv","F","1p","ROM","Y"
772,"2015_Medley,Lisa_Reap&Repent_ROM.txt.csv","F","3p","ROM","Y"
773,"2015_Meyer,Marie_AcrosstheDistance_ROM.txt.csv","F","1p","ROM","Y"
774,"2015_Meyer,Tijan_CarterReed2_ROM.txt.csv","F","1p","ROM","Y"
775,"2015_Michaels,Jess_TheWidowWager_ROM.txt.csv","F","3p","ROM","Y"
776,"2015_Michele,Beth_FortheLoveofRaindrops_ROM.txt.csv","F","1p","ROM","N"
777,"2015_Moning,KarenMarie_Burned_ROM.txt.csv","F","1p","ROM","Y"
778,"2015_Morey,Trish_CaptiveofKadar_ROM.txt.csv","F","3p","ROM","Y"
779,"2015_Mosteller,MistiD_TheFatRules_ROM.txt.csv","F","1p","ROM","Y"
780,"2015_Nissenson,Janet_Shattered_ROM.txt.csv","F","3p","ROM","Y"
781,"2015_Pierce,M_AfterDark_ROM.txt.csv","F","1p","ROM","Y"
782,"2015_Proby,Kristen_EasyLove_ROM.txt.csv","F","1p","ROM","Y"
783,"2015_Raeder,Leah_BlackIris_ROM.txt.csv","T","1p","ROM","Y"
784,"2015_Reid,Stacy_SinsofaDuke_ROM.txt.csv","F","3p","ROM","Y"
785,"2015_Reilly,Cora_BoundByHatred_ROM.txt.csv","F","1p","ROM","Y"
786,"2015_Reynolds,AuroraRose_UntilJuly_ROM.txt.csv","F","1p","ROM","Y"
787,"2015_Ritchie,Krista_FuelTheFire_ROM.txt.csv","F","1p","ROM","Y"
788,"2015_Roberts,Nora_TheLiar_ROM.txt.csv","F","3p","ROM","Y"
789,"2015_Ryan,Kaylee_JustSayWhen_ROM.txt.csv","F","1p","ROM","Y"
790,"2015_Ryan,Kendall_TheGentlemanMentor_ROM.txt.csv","F","1p","ROM","Y"
791,"2015_Scott,Ginger_WildReckless_ROM.txt.csv","F","1p","ROM","N"
792,"2015_Scott,JS_NoOrdinaryBillionaire_ROM.txt.csv","F","3p","ROM","Y"
793,"2015_Shea,Rebecca_BrokenbyLies_ROM.txt.csv","F","1p","ROM","Y"
794,"2015_Silver,Jordan_TheCrush_ROM.txt.csv","F","1p","ROM","Y"
795,"2015_Silver,Jordan_TheSoccerMomsBadBoy_ROM.txt.csv","F","1p","ROM","Y"
796,"2015_Sivec,Tara_WorththeTrip_ROM.txt.csv","F","1p","ROM","Y"
797,"2015_Slaughter,Phoenyx_Asunder_ROM.txt.csv","F","1p","ROM","Y"
798,"2015_Smart,Michelle_TheGreeksPregnantBride_ROM.txt.csv","F","3p","ROM","Y"
799,"2015_Smeltzer,Micalea_NeverTooLate_ROM.txt.csv","F","1p","ROM","Y"
800,"2015_Snow,Nicole_StepbrotherCharming_ROM.txt.csv","F","1p","ROM","Y"
801,"2015_Stephens,SC_Thoughtful_ROM.txt.csv","F","1p","ROM","Y"
802,"2015_Sterling,J_10YearsLater_ROM.txt.csv","F","1p","ROM","Y"
803,"2015_Stoker,Susan_ProtectingCheyenne_ROM.txt.csv","F","3p","ROM","Y"
804,"2015_Suzanne,Ashley_Rekindle_ROM.txt.csv","F","1p","ROM","Y"
805,"2015_Taiden,Milly_StripeTease_ROM.txt.csv","F","3p","ROM","Y"
806,"2015_Taiden,Milly_TallDarkandPanther_ROM.txt.csv","F","3p","ROM","Y"
807,"2015_Darhower,JM_TheMadTatter_ROM.txt.csv","F","1p","ROM","N"
808,"2015_Tucker,KA_BecomingRain_ROM.txt.csv","F","1p","ROM","Y"
809,"2015_Vale,LaniLynn_CenterMass_ROM.txt.csv","F","1p","ROM","Y"
810,"2015_Wade,Ellie_ABeautifulKindofLove_ROM.txt.csv","F","1p","ROM","Y"
811,"2015_Waltz,Vanessa_KnockedUpbytheBadBoy_ROM.txt.csv","F","1p","ROM","Y"
812,"2015_Ward,HM_Life_BeforeDamaged_ROM.txt.csv","F","1p","ROM","Y"
813,"2015_Wilder,L_Combust_ROM.txt.csv","F","1p","ROM","Y"
814,"2015_Williams,WhitneyGracia_SincerelyCarter_ROM.txt.csv","F","1p","ROM","Y"
815,"2015_Winters,Pepper_ThirdDebt_ROM.txt.csv","F","1p","ROM","Y"
816,"2015_Wood,Jessica_PromisetoMarry_ROM.txt.csv","F","1p","ROM","Y"
817,"2015_Wylde,Joanna_SilverBastard_ROM.txt.csv","F","1p","ROM","Y"
818,"2015_Zolendz,Christine_HeresToFalling_ROM.txt.csv","F","1p","ROM","Y"
819,"2003_Landay,William_MissionFlats_MY.txt.csv","M","1p","MY","Y"
820,"2005_Johnson,Craig_TheColdDish_MY.txt.csv","M","1p","MY","Y"
821,"2009_Flynn,Gillian_DarkPlaces_MY.txt.csv","F","1p","MY","Y"
822,"2009_Griffiths,Elly_TheCrossingPlaces_MY.txt.csv","F","3p","MY","Y"
823,"2010_Atkinson,Kate_StartedEarlyTookMyDog_MY.txt.csv","F","3p","MY","Y"
824,"2010_Burke,JamesLee_TheGlassRainbow_MY.txt.csv","M","1p","MY","Y"
825,"2010_Connolly,John_TheWhisperers_MY.txt.csv","M","3p","MY","Y"
826,"2010_Dugoni,Robert_BodilyHarm_MY.txt.csv","M","3p","MY","Y"
827,"2010_George,Elizabeth_ThisBodyofDeath_MY.txt.csv","F","3p","MY","Y"
828,"2010_Gerritsen,Tess_IceCold_MY.txt.csv","F","3p","MY","Y"
829,"2010_Goodman,Carol_ArcadiaFalls_MY.txt.csv","F","1p","MY","Y"
830,"2010_Hand,Dana_DeepCreek_MY.txt.csv","X","3p","MY","Y"
831,"2010_King,LaurieR_TheGodoftheHive_MY.txt.csv","F","3p","MY","Y"
832,"2010_Laurie,Victoria_AGlimpseofEvil_MY.txt.csv","F","1p","MY","Y"
833,"2010_McKinlay,Jenn_SprinklewithMurder_MY.txt.csv","F","3p","MY","Y"
834,"2010_Robotham,Michael_BleedForMe_MY.txt.csv","M","3p","MY","Y"
835,"2010_Webber,Heather_TrulyMadly_MY.txt.csv","F","1p","MY","Y"
836,"2011_Aaronovitch,Ben_MidnightRiot_MY.txt.csv","M","1p","MY","Y"
837,"2011_Bolton,Sharon_NowYouSeeMe_MY.txt.csv","F","1p","MY","Y"
838,"2011_McKinlay,Jenn_BooksCanbeDeceiving_MY.txt.csv","F","3p","MY","Y"
839,"2011_OConnell,Carol_TheChalkGirl_MY.txt.csv","F","3p","MY","Y"
841,"2011_Slaughter,Karin_Fallen_MY.txt.csv","F","3p","MY","Y"
842,"2011_SpencerFleming,Julia_OneWasASoldier_MY.txt.csv","F","3p","MY","Y"
843,"2011_Stevens,Chevy_NeverKnowing_MY.txt.csv","F","1p","MY","Y"
844,"2011_Vicary,Tim_BoldCounsel_MY.txt.csv","M","3p","MY","Y"
846,"2012_Barclay,Linwood_TrustYourEyes_MY.txt.csv","M","1p","MY","Y"
847,"2012_Burke,JamesLee_CreoleBelle_MY.txt.csv","M","1p","MY","Y"
848,"2012_Crais,Robert_Taken_MY.txt.csv","M","1p","MY","Y"
849,"2012_Elliot,Kendra_Hidden_MY.txt.csv","F","3p","MY","Y"
850,"2012_Fforde,Jasper_TheWomanWhoDiedaLot_MY.txt.csv","M","1p","MY","Y"
851,"2012_Frazier,LA_BackontheMarket_MY.txt.csv","X","1p","MY","Y"
852,"2012_French,Nicci_BlueMonday_MY.txt.csv","X","3p","MY","Y"
853,"2012_George,Elizabeth_TheEdgeofNowhere_MY.txt.csv","F","3p","MY","Y"
854,"2012_Hobbs,Roger_Ghostman_MY.txt.csv","M","1p","MY","Y"
855,"2012_Kellerman,Jonathan_Victims_MY.txt.csv","M","1p","MY","Y"
856,"2012_McPherson,Catriona_DandyGilver_MY.txt.csv","F","3p","MY","Y"
857,"2012_Morton,Kate_TheSecretKeeper_MY.txt.csv","F","3p","MY","Y"
858,"2012_Rankin,Ian_StandinginAnotherMansGrave_MY.txt.csv","M","3p","MY","Y"
859,"2012_Robotham,Michael_SayYoureSorry_MY.txt.csv","M","1p","MY","Y"
860,"2012_Ronald,RD_TheZombieRoom_MY.txt.csv","M","3p","MY","Y"
861,"2012_Runcie,James_SidneyChambersandTheShadow_MY.txt.csv","M","3p","MY","Y"
862,"2012_Scottoline,Lisa_ComeHome_MY.txt.csv","F","3p","MY","Y"
863,"2012_Shapiro,BA_TheArtForger_MY.txt.csv","F","1p","MY","Y"
864,"2012_Sloan,Robin_MrPenumbras24Hour_MY.txt.csv","M","1p","MY","Y"
865,"2012_Swank,DeniseGrover_TwentyNineandaHalfReasons_MY.txt.csv","F","1p","MY","Y"
866,"2012_Unger,Lisa_Heartbroken_MY.txt.csv","F","3p","MY","Y"
867,"2013_Beukes,Lauren_TheShiningGirls_MY.txt.csv","F","3p","MY","Y"
868,"2013_Busby,Sian_ACommonplaceKilling_MY.txt.csv","F","3p","MY","Y"
869,"2013_Connelly,Michael_TheGodsofGuilt_MY.txt.csv","M","1p","MY","Y"
870,"2013_Cornwell,Patricia_Dust_MY.txt.csv","F","1p","MY","Y"
871,"2013_Coulter,Catherine_Bombshell_MY.txt.csv","F","3p","MY","Y"
872,"2013_Crais,Robert_Suspect_MY.txt.csv","M","3p","MY","Y"
873,"2013_Crouch,Blake_Wayward_MY.txt.csv","M","3p","MY","Y"
874,"2013_Fairstein,Linda_DeathAngel_MY.txt.csv","F","1p","MY","Y"
875,"2013_French,Nicci_TuesdaysGone_MY.txt.csv","X","3p","MY","Y"
877,"2013_Krueger,WilliamKent_OrdinaryGrace_MY.txt.csv","M","1p","MY","Y"
878,"2013_McCreight,Kimberly_ReconstructingAmelia_MY.txt.csv","F","1p","MY","Y"
879,"2013_O'Connell,Carol_ItHappensintheDark_MY.txt.csv","F","3p","MY","Y"
882,"2013_Quick,Amanda_TheMysteryWoman_MY.txt.csv","F","3p","MY","Y"
883,"2013_Raimondo,Lynne_DantesWood_MY.txt.csv","F","1p","MY","Y"
884,"2013_Rankin,Ian_SaintsoftheShadowBible_MY.txt.csv","M","3p","MY","Y"
885,"2013_Reichs,Kathy_BonesoftheLost_MY.txt.csv","F","1p","MY","Y"
887,"2013_Smith,AlexanderMccall_TheMinorAdjustmentBeauty_MY.txt.csv","M","3p","MY","Y"
888,"2013_SpencerFleming,Julia_ThroughtheEvilDays_MY.txt.csv","F","3p","MY","Y"
889,"2013_Swank,DeniseGrover_TwentyEightandAHalfWishes_MY.txt.csv","F","1p","MY","Y"
890,"2013_Tyson,Wendy_KillerImage_MY.txt.csv","M","3p","MY","Y"
891,"2013_Winspear,Jacqueline_LeavingEverythingMostLoved_MY.txt.csv","M","3p","MY","Y"
892,"2013_Zander,Joakim_TheSwimmer_MY.txt.csv","M","3p","MY","Y"
893,"2013_Ziskin,JamesW_Styx&Stones_MY.txt.csv","M","1p","MY","N"
894,"2014_Abani,Chris_TheSecretHistoryofLasVegas_MY.txt.csv","M","3p","MY","Y"
895,"2014_AdlerOlsen,Jussi_TheMarcoEffect_MY.txt.csv","M","3p","MY","Y"
896,"2014_Atkins,Ace_RobertBParkersCheapShot_MY.txt.csv","M","1p","MY","Y"
897,"2014_Barclay,Linwood_NoSafeHouse_MY.txt.csv","M","1p","MY","Y"
898,"2014_Bouman,Tom_DryBonesintheValley_MY.txt.csv","M","1p","MY","Y"
899,"2014_Box,CJ_StoneCold_MY.txt.csv","M","3p","MY","Y"
900,"2014_Bradley,Alan_TheDeadinTheirVaulted_MY.txt.csv","M","1p","MY","Y"
901,"2014_Brown,Sandra_MeanStreak_MY.txt.csv","F","3p","MY","Y"
902,"2014_Casey,Jane_TheStrangerYouKnow_MY.txt.csv","F","1p","MY","Y"
903,"2014_Cash,Wiley_ThisDarkRoadtoMercy_MY.txt.csv","M","1p","MY","Y"
905,"2014_Connelly,Michael_TheBurningRoom_MY.txt.csv","M","3p","MY","Y"
906,"2014_Connolly,John_TheWolfinWinter_MY.txt.csv","M","3p","MY","Y"
907,"2014_Cornwell,Patricia_FleshandBlood_MY.txt.csv","F","1p","MY","N"
909,"2014_Deaver,Jeffery_TheBoneCollector_MY.txt.csv","M","3p","MY","Y"
910,"2014_Donoghue,Emma_FrogMusic_MY.txt.csv","F","3p","MY","Y"
911,"2014_Dougherty,Victoria_TheBoneChurch_MY.txt.csv","F","3p","MY","Y"
912,"2014_Dugoni,Robert_MySistersGrave_MY.txt.csv","M","3p","MY","Y"
913,"2014_Eskens,Allen_TheLifeWeBury_MY.txt.csv","M","1p","MY","Y"
914,"2014_Evanovich,Janet_TopSecretTwentyOne_MY.txt.csv","F","1p","MY","Y"
915,"2014_Fairstein,Linda_TerminalCity_MY.txt.csv","F","1p","MY","Y"
916,"2014_Fitzpatrick,Becca_BlackIce_MY.txt.csv","F","1p","MY","Y"
917,"2014_French,Tana_TheSecretPlace_MY.txt.csv","F","1p","MY","Y"
919,"2014_Gerritsen,Tess_DieAgain_MY.txt.csv","F","3p","MY","Y"
921,"2014_Healey,Emma_ElizabethisMissing_MY.txt.csv","F","1p","MY","Y"
922,"2014_Hendrix,Grady_Horrorstor_MY.txt.csv","M","3p","MY","Y"
923,"2014_Hinton,Lynne_SisterEvePrivateEye_MY.txt.csv","F","3p","MY","Y"
924,"2014_Jones,Darynda_SixthGraveontheEdge_MY.txt.csv","F","1p","MY","Y"
926,"2014_Kubica,Mary_TheGoodGirl_MY.txt.csv","F","1p","MY","Y"
927,"2014_Lashner,William_Bagmen_MY.txt.csv","M","1p","MY","Y"
928,"2014_Lashner,William_TheBarkeep_MY.txt.csv","M","3p","MY","Y"
929,"2014_McKenzie,CB_BadCountry_MY.txt.csv","M","3p","MY","Y"
930,"2014_McPherson,Catriona_TheDaySheDied_MY.txt.csv","F","3p","MY","Y"
931,"2014_Murphy,Hunter_ImogeneinNewOrleans_MY.txt.csv","M","3p","MY","Y"
932,"2014_Nesbo,Jo_TheSon_MY.txt.csv","M","3p","MY","Y"
933,"2014_Neville,Stuart_TheFinalSilence_MY.txt.csv","M","3p","MY","Y"
934,"2014_Nolen,RL_DeadlyThyme_MY.txt.csv","F","3p","MY","Y"
935,"2014_Papernick,Jonathan_TheBookofStone_MY.txt.csv","M","3p","MY","Y"
936,"2014_Penny,Louise_TheLongWayHome_MY.txt.csv","F","3p","MY","Y"
937,"2014_Picoult,Jodi_LeavingTime_MY.txt.csv","F","1p","MY","Y"
938,"2014_Pryor,Mark_TheBloodPromise_MY.txt.csv","M","3p","MY","Y"
939,"2014_Pryor,Mark_TheButtonMan_MY.txt.csv","M","3p","MY","Y"
940,"2014_Raimondo,Lynne_DantesPoison_MY.txt.csv","F","1p","MY","Y"
941,"2014_Reade,Amy_SecretsofHallsteadHouse_MY.txt.csv","F","1p","MY","Y"
942,"2014_Reichs,Kathy_BonesNeverLie_MY.txt.csv","F","1p","MY","Y"
943,"2014_Rickstad,Eric_TheSilentGirls_MY.txt.csv","M","3p","MY","Y"
944,"2014_Robb,JD_FestiveinDeath_MY.txt.csv","F","3p","MY","Y"
945,"2014_Shafer,David_WhiskeyTangoFoxtrot_MY.txt.csv","M","3p","MY","Y"
946,"2014_Sherratt,Mel_WatchingOverYou_MY.txt.csv","F","3p","MY","Y"
947,"2014_Slaughter,Karin_CopTown_MY.txt.csv","F","3p","MY","Y"
948,"2014_Smith,AlexanderMccall_TheHandsomeMansDeLuxe_MY.txt.csv","M","3p","MY","Y"
949,"2014_Smith,TomRob_TheFarm_MY.txt.csv","M","1p","MY","Y"
950,"2014_Stelmach,Orest_TheBoyWhoGlowedintheDark_MY.txt.csv","M","3p","MY","Y"
951,"2014_Sternbergh,Adam_ShovelReady_MY.txt.csv","M","1p","MY","Y"
952,"2014_Stevens,Chevy_ThatNight_MY.txt.csv","F","1p","MY","Y"
953,"2014_Turner,Stevie_AHouseWithoutWindows_MY.txt.csv","F","3p","MY","Y"
954,"2014_Unger,Lisa_IntheBlood_MY.txt.csv","F","1p","MY","Y"
955,"2014_Weaver,Ashley_MurderattheBrightwell_MY.txt.csv","F","1p","MY","Y"
956,"2015_Aaronovitch,Ben_FoxgloveSummer_MY.txt.csv","M","1p","MY","Y"
957,"2015_Ahdieh,Renee_TheWrathandtheDawn_MY.txt.csv","F","3p","MY","Y"
958,"2015_Ahlborn,Ania_WithinTheseWalls_MY.txt.csv","F","3p","MY","Y"
959,"2015_Arlen,Tessa_DeathofaDishonorableGentlemen_MY.txt.csv","F","3p","MY","Y"
960,"2015_Atkins,Ace_RobertBParkersKickback_MY.txt.csv","M","1p","MY","Y"
961,"2015_Berry,Steve_ThePatriotThreat_MY.txt.csv","M","3p","MY","Y"
962,"2015_Bolton,Sharon_LittleBlackLies_MY.txt.csv","F","1p","MY","Y"
963,"2015_Box,CJ_Endangered_MY.txt.csv","M","3p","MY","Y"
964,"2015_Bradley,Alan_AsChimneySweepersCometoDust_MY.txt.csv","M","1p","MY","Y"
965,"2015_Child,Lincoln_TheForgottenRoom_MY.txt.csv","M","3p","MY","Y"
966,"2015_Coben,Harlan_TheStranger_MY.txt.csv","M","3p","MY","Y"
967,"2015_Cotterill,Colin_SixandaHalfDeadlySins_MY.txt.csv","M","3p","MY","Y"
968,"2015_Deaver,Jeffery_SolitudeCreek_MY.txt.csv","M","3p","MY","Y"
969,"2015_Elliot,Kendra_Spiraled_MY.txt.csv","F","3p","MY","Y"
970,"2015_Gardner,Lisa_Crash&Burn_MY.txt.csv","F","1p","MY","N"
971,"2015_Green,Simon_TheDarkSideoftheRoad_MY.txt.csv","M","1p","MY","Y"
972,"2015_Griffiths,Elly_TheGhostFields_MY.txt.csv","F","3p","MY","Y"
973,"2015_Hinton,Lynne_TheCaseoftheSinCitySister_MY.txt.csv","F","3p","MY","Y"
974,"2015_Hunter,Stephen_IRipper_MY.txt.csv","M","1p","MY","Y"
975,"2015_Iles,Greg_TheBoneTree_MY.txt.csv","M","1p","MY","N"
976,"2015_Jaff,Sophie_LoveisRed_MY.txt.csv","F","1p","MY","Y"
977,"2015_Johnson,Craig_DryBones_MY.txt.csv","M","1p","MY","N"
978,"2015_Johnston,Tim_Descent_MY.txt.csv","M","3p","MY","Y"
979,"2015_Jones,Darynda_EighthGraveAfterDark_MY.txt.csv","F","1p","MY","Y"
980,"2015_Juba,Stacy_DarkBeforeDawn_MY.txt.csv","F","3p","MY","Y"
981,"2015_Kellerman,Jonathan_Motive_MY.txt.csv","M","1p","MY","Y"
982,"2015_King,LaurieR_DreamingSpies_MY.txt.csv","F","1p","MY","Y"
983,"2015_King,Stephen_FindersKeepers_MY.txt.csv","M","3p","MY","Y"
984,"2015_Knight,Renee_Disclaimer_MY.txt.csv","F","3p","MY","Y"
985,"2015_Knoll,Jessica_LuckiestGirlAlive_MY.txt.csv","F","1p","MY","Y"
986,"2015_Lanyon,Josh_WinterKill_MY.txt.csv","M","3p","MY","Y"
987,"2015_Latham,Jennifer_ScarlettUndercover_MY.txt.csv","F","1p","MY","Y"
988,"2015_Marsons,Angela_EvilGames_MY.txt.csv","F","3p","MY","Y"
989,"2015_Marsons,Angela_SilentScream_MY.txt.csv","F","3p","MY","Y"
990,"2015_Matthews,Jason_PalaceofTreason_MY.txt.csv","M","3p","MY","Y"
991,"2015_McCreight,Kimberly_WhereTheyFoundHer_MY.txt.csv","F","1p","MY","Y"
992,"2015_Mosley,Walter_AndSometimesIWonder_MY.txt.csv","M","1p","MY","Y"
993,"2015_Oliver,Lauren_VanishingGirls_MY.txt.csv","F","1p","MY","Y"
994,"2015_Palmer,Daniel_Desperate_MY.txt.csv","M","1p","MY","Y"
995,"2015_Patterson,James_14thDeadlySin_MY.txt.csv","M","1p","MY","N"
996,"2015_Patterson,James_Unlucky13_MY.txt.csv","M","1p","MY","Y"
997,"2015_Pearl,Matthew_TheLastBookaneer_MY.txt.csv","M","1p","MY","Y"
998,"2015_Price,Richard_TheWhites_MY.txt.csv","F","3p","MY","Y"
999,"2015_Pulley,DM_TheDeadKey_MY.txt.csv","F","3p","MY","Y"
1000,"2015_Quick,Amanda_GardenofLies_MY.txt.csv","F","3p","MY","Y"
1001,"2015_Robb,JD_ObsessioninDeath_MY.txt.csv","F","3p","MY","Y"
1002,"2015_Ryan,Carrie_DaughterofDeepSilence_MY.txt.csv","F","1p","MY","Y"
1003,"2015_Salvalaggio,Karin_BurntRiver_MY.txt.csv","F","3p","MY","Y"
1004,"2015_Sandford,John_GatheringPrey_MY.txt.csv","M","3p","MY","Y"
1005,"2015_Scottoline,Lisa_EveryFifteenMinutes_MY.txt.csv","F","3p","MY","Y"
1006,"2015_Sherratt,Mel_FollowtheLeader_MY.txt.csv","F","3p","MY","Y"
1007,"2015_Stelmach,Orest_TheAlterGirl_MY.txt.csv","M","1p","MY","Y"
1008,"2015_Stokes,Paula_LiarsInc_MY.txt.csv","F","1p","MY","Y"
1009,"2015_Summers,Courtney_AlltheRage_MY.txt.csv","F","1p","MY","Y"
1010,"2015_Swanson,Peter_TheKindWorthKilling_MY.txt.csv","M","1p","MY","Y"
1011,"2015_Swyler,Erika_TheBookofSpeculation_MY.txt.csv","F","3p","MY","Y"
1012,"2015_Thomas,Rob_VeronicaMars_MY.txt.csv","M","3p","MY","Y"
1013,"2015_Tremayne,SK_TheIceTwins_MY.txt.csv","M","1p","MY","Y"
1014,"2015_Tyson,Wendy_DyingBrand_MY.txt.csv","F","3p","MY","Y"
1016,"2015_Walsh,MO_MySunshineAway_MY.txt.csv","M","1p","MY","Y"
1017,"2015_White,Karen_TheSoundofGlass_MY.txt.csv","F","1p","MY","Y"
1018,"2015_Winspear,Jacqueline_ADangerousPlace_MY.txt.csv","F","3p","MY","Y"
1019,"2002_Card,OrsonScott_FirstMeetingsInEnder'sUniverse.txt.csv","M","3p","YA","Y"
1020,"2009_Collins,Suzanne_CatchingFire.txt.csv","F","1p","YA","N"
1021,"2009_Mead,Richelle_LastSacrifice.txt.csv","F","1p","YA","N"
1023,"2010_Black,Jenna_Glimmerglass.txt.csv","F","1p","YA","Y"
1024,"2010_Clare,Cassandra_ClockworkAngel.txt.csv","F","3p","YA","Y"
1025,"2010_Colasanti,Susane_SomethingLikeFate.txt.csv","F","1p","YA","Y"
1026,"2010_Collins,Suzanne_Mockingjay.txt.csv","F","1p","YA","N"
1027,"2010_Condie,Ally_Matched.txt.csv","F","1p","YA","N"
1028,"2010_Dashner,James_TheScorchTrials.txt.csv","M","3p","YA","Y"
1029,"2010_Godbersen,Anna_BrightYoungThings.txt.csv","F","3p","YA","Y"
1030,"2010_Gow,Kailin_BitterFrostandTheWolfFey.txt.csv","F","1p","YA","N"
1031,"2010_Hopkins,Ellen_Fallout.txt.csv","F","1p","YA","Y"
1032,"2010_Livingston,Lesley_Tempestuous.txt.csv","F","3p","YA","Y"
1033,"2010_Mead,Richelle_SpiritBound.txt.csv","F","1p","YA","Y"
1034,"2010_Mullin,Mike_Ashfall.txt.csv","M","1p","YA","Y"
1035,"2010_Philbin,Joanna_TheDaughters.txt.csv","F","3p","YA","Y"
1036,"2010_Scott,Elizabeth_TheUnwrittenRule.txt.csv","F","1p","YA","Y"
1038,"2011_Adornetto,Alexandra_Hades.txt.csv","F","1p","YA","Y"
1039,"2011_Armstrong,Kelley_TheGathering.txt.csv","F","1p","YA","Y"
1040,"2011_Barnes,JenniferLynn_TrialbyFire.txt.csv","F","1p","YA","Y"
1041,"2011_Carson,Rae_TheGirlofFireandThorns.txt.csv","F","1p","YA","Y"
1042,"2011_Childs,TeraLynn_FinsAreForever.txt.csv","F","1p","YA","Y"
1043,"2011_Clare,Cassandra_CityofFallenAngels.txt.csv","F","3p","YA","Y"
1044,"2011_Condie,Ally_Crossed.txt.csv","F","1p","YA","Y"
1045,"2011_Dashner,James_TheDeathCure.txt.csv","M","3p","YA","Y"
1046,"2011_Dixon,Heather_Entwined.txt.csv","F","3p","YA","Y"
1047,"2011_Flanagan,John_TheOutcasts.txt.csv","M","3p","YA","Y"
1049,"2011_Kagawa,Julie_TheIronQueen.txt.csv","F","1p","YA","Y"
1051,"2011_Keplinger,Kody_ShutOut.txt.csv","F","1p","YA","Y"
1052,"2011_Lu,Marie_Legend.txt.csv","F","1p","YA","N"
1053,"2011_Mahoney,Karen_TheIronWitch.txt.csv","F","3p","YA","Y"
1054,"2011_McHugh,Daniel_ThePoolandthePedestal.txt.csv","M","3p","YA","Y"
1055,"2011_Oliver,Lauren_Delirium.txt.csv","F","1p","YA","Y"
1056,"2011_Park,Jessica_Flat-OutLove.txt.csv","F","3p","YA","Y"
1058,"2011_Riggs,Ransom_MissPeregrine'sHomeforPeculiarChildren.txt.csv","M","1p","YA","N"
1059,"2011_Roth,Veronica_Divergent.txt.csv","F","1p","YA","N"
1060,"2011_Singh,Nalini_Archangel'sConsort.txt.csv","F","3p","YA","Y"
1061,"2011_Sorensen,Jessica_TheFallenStar.txt.csv","F","1p","YA","Y"
1063,"2011_Tregay,Sarah_LoveandLeftovers.txt.csv","F","1p","YA","Y"
1064,"2011_Verday,Jessica_TheHidden.txt.csv","F","1p","YA","Y"
1065,"2011_Zink,Michelle_CircleofFire.txt.csv","F","1p","YA","Y"
1066,"2012_Accardo,Jus_Toxic.txt.csv","F","1p","YA","Y"
1067,"2012_Arcos,Carrie_OutofReach.txt.csv","F","1p","YA","Y"
1068,"2012_Ashton,Brodi_Everneath.txt.csv","M","1p","YA","Y"
1069,"2012_Banks,Anna_OfPoseidon.txt.csv","F","1p","YA","Y"
1070,"2012_Brighton,Lori_TheMindThieves.txt.csv","F","1p","YA","Y"
1071,"2012_Cass,Kiera_TheSelection.txt.csv","F","1p","YA","Y"
1072,"2012_Condie,Ally_Reached.txt.csv","F","1p","YA","Y"
1073,"2012_Cooner,Donna_Skinny.txt.csv","F","1p","YA","Y"
1074,"2012_Dashner,James_TheKillOrder.txt.csv","M","3p","YA","Y"
1075,"2012_Despain,Bree_TheSavageGrace.txt.csv","F","1p","YA","Y"
1076,"2012_Evans,RichardPaul_RiseoftheElgen.txt.csv","M","1p","YA","Y"
1077,"2012_Fine,Sarah_Sanctum.txt.csv","F","1p","YA","Y"
1078,"2012_Friend,Natasha_MyLifeinBlackandWhite.txt.csv","F","1p","YA","Y"
1079,"2012_Green,John_TheFaultinOurStars.txt.csv","M","1p","YA","Y"
1080,"2012_Hocking,Amanda_Lullaby.txt.csv","F","3p","YA","Y"
1081,"2012_Keplinger,Kody_AMidsummer'sNightmare.txt.csv","F","1p","YA","N"
1082,"2012_LaFevers,Robin_GraveMercy.txt.csv","F","1p","YA","Y"
1083,"2012_Meyer,Marissa_Cinder.txt.csv","F","3p","YA","Y"
1084,"2012_Oliver,Lauren_Pandemonium.txt.csv","F","1p","YA","Y"
1085,"2012_Pike,Aprilynne_Illusions.txt.csv","F","3p","YA","Y"
1086,"2012_Price,Lissa_Starters.txt.csv","F","1p","YA","Y"
1087,"2012_Price,Nora_ZoeLettingGo.txt.csv","F","1p","YA","Y"
1088,"2012_Roth,Veronica_Insurgent.txt.csv","F","1p","YA","N"
1089,"2012_Rowell,Rainbow_Eleanor&Park.txt.csv","F","3p","YA","Y"
1090,"2012_Snyder,Maria_InsideOut.txt.csv","F","1p","YA","N"
1091,"2012_Snyder,Maria_ScentofMagic.txt.csv","F","1p","YA","Y"
1092,"2012_Summers,Courtney_ThisIsNotaTest.txt.csv","F","1p","YA","Y"
1093,"2012_Terry,Teri_Slated.txt.csv","F","1p","YA","Y"
1094,"2012_Winfield,Ryan_TheParkService.txt.csv","M","1p","YA","Y"
1095,"2013_Berry,Julie_AlltheTruthThat'sInMe.txt.csv","F","1p","YA","N"
1096,"2013_Cass,Kiera_TheElite.txt.csv","F","1p","YA","Y"
1097,"2013_Donovan,Rebecca_BarelyBreathing.txt.csv","F","1p","YA","Y"
1098,"2013_Donovan,Rebecca_OutofBreath.txt.csv","F","1p","YA","Y"
1099,"2013_Forman,Gayle_JustOneYear.txt.csv","F","1p","YA","Y"
1100,"2013_Limbaugh,Rush_RushRevereandtheBravePilgrims.txt.csv","M","1p","YA","Y"
1101,"2013_Lu,Marie_Champion.txt.csv","F","1p","YA","N"
1102,"2013_Lu,Marie_Prodigy.txt.csv","F","1p","YA","Y"
1103,"2013_Lynch,Karen_Relentless.txt.csv","F","1p","YA","Y"
1105,"2013_Morgan,Kass_The100.txt.csv","F","3p","YA","Y"
1106,"2013_Rice,Morgan_AMarchofKings.txt.csv","F","3p","YA","Y"
1107,"2013_Roth,Veronica_Allegiant.txt.csv","F","1p","YA","N"
1108,"2013_Rowell,Rainbow_Fangirl.txt.csv","F","3p","YA","Y"
1109,"2013_Rush,Jennifer_Altered.txt.csv","F","1p","YA","Y"
1110,"2013_Schneider,Robyn_TheBeginningofEverything.txt.csv","F","1p","YA","Y"
1111,"2013_Smith,Andrew_Winger.txt.csv","M","1p","YA","Y"
1112,"2013_Yancey,Rick_The5thWave.txt.csv","M","1p","YA","N"
1113,"2014_Anderson,Laurie_TheImpossibleKnifeofMemory.txt.csv","F","1p","YA","Y"
1114,"2014_Armentrout,Jennifer_WhiteHotKiss.txt.csv","F","1p","YA","Y"
1115,"2014_Armstrong,Kelley_SeaofShadows.txt.csv","F","3p","YA","Y"
1116,"2014_Ashton,Brodi_Evertrue.txt.csv","F","1p","YA","Y"
1117,"2014_Banks,Anna_OfNeptune.txt.csv","F","1p","YA","Y"
1118,"2014_Bardugo,Leigh_RuinandRising.txt.csv","F","1p","YA","Y"
1119,"2014_Baskin,Nora_SubwayLove.txt.csv","F","3p","YA","Y"
1120,"2014_Brown,Pierce_RedRising.txt.csv","M","1p","YA","N"
1121,"2014_Calonita,Jen_SummerStateofMind.txt.csv","F","1p","YA","Y"
1122,"2014_Cass,Kiera_TheOne.txt.csv","F","1p","YA","N"
1123,"2014_Chance,Megan_TheShadows.txt.csv","F","1p","YA","Y"
1124,"2014_Charbonneau,Joelle_IndependentStudy.txt.csv","F","1p","YA","N"
1125,"2014_Christopher,Nicholas_TheTrueAdventuresofNicoloZen.txt.csv","M","1p","YA","Y"
1126,"2014_Clare,Cassandra_CityofHeavenlyFire.txt.csv","F","3p","YA","Y"
1127,"2014_Clark,Bridie_YouOnlyLiveOnce.txt.csv","F","1p","YA","Y"
1128,"2014_Clark,Catherine_UnforgettableSummerSoInnLoveandBetterLatteThanNever.txt.csv","F","1p","YA","Y"
1130,"2014_Davies,Anna_Followers.txt.csv","F","1p","YA","Y"
1131,"2014_Dellaira,Ava_LoveLetterstotheDead.txt.csv","F","1p","YA","Y"
1132,"2014_Deriso,Christine_ThirtySunsets.txt.csv","F","1p","YA","Y"
1133,"2014_Douglas,Helen_ChasingStars.txt.csv","F","1p","YA","Y"
1134,"2014_Dowding,Philippa_TheStrangeGiftofGwendolynGolden.txt.csv","F","1p","YA","Y"
1135,"2014_Erlings,Fridrik_BoyontheEdge.txt.csv","M","3p","YA","Y"
1136,"2014_Estep,Jennifer_KillerFrost.txt.csv","F","1p","YA","Y"
1137,"2014_Eulberg,Elizabeth_BetterOffFriends.txt.csv","F","1p","YA","Y"
1138,"2014_Fitzpatrick,Huntley_WhatIThoughtWasTrue.txt.csv","F","1p","YA","Y"
1139,"2014_Garcia,Kami_DangerousCreatures.txt.csv","F","3p","YA","Y"
1140,"2014_Green,Sally_HalfBad.txt.csv","F","1p","YA","Y"
1141,"2014_Han,Jenny_ToAlltheBoysIVeLovedBefore.txt.csv","F","1p","YA","Y"
1142,"2014_Hawkins,Rachel_RebelBelle.txt.csv","F","1p","YA","Y"
1143,"2014_Heasley,Gwendolyn_TheArtofGoodbye.txt.csv","F","1p","YA","Y"
1144,"2014_Henderson,Lauren_KissinginItalian.txt.csv","F","1p","YA","Y"
1145,"2014_HIggins,Wendy_SweetReckoning.txt.csv","F","1p","YA","Y"
1146,"2014_Hodge,Rosamund_CruelBeauty.txt.csv","F","1p","YA","Y"
1148,"2014_Jayne,Hannah_TheDare.txt.csv","F","3p","YA","Y"
1149,"2014_Jensen,Danielle_StolenSongbird.txt.csv","F","1p","YA","Y"
1150,"2014_Johnson,Elana_Elevated.txt.csv","F","1p","YA","Y"
1151,"2014_Jordan,Sophie_Uninvited.txt.csv","F","1p","YA","Y"
1152,"2014_Kagawa,Julie_TheForeverSong.txt.csv","F","1p","YA","Y"
1153,"2014_Kenyon,Sherrilyn_Illusion.txt.csv","F","3p","YA","Y"
1154,"2014_Kiely,Brendan_TheGospelofWinter.txt.csv","M","1p","YA","Y"
1155,"2014_Larson,Sara_Defy.txt.csv","F","1p","YA","Y"
1158,"2014_Long,Christopher_HeroWorship.txt.csv","M","1p","YA","Y"
1159,"2014_Lord,Emery_OpenRoadSummer.txt.csv","F","1p","YA","Y"
1160,"2014_Lynch,Chris_LittleBlueLies.txt.csv","M","1p","YA","Y"
1161,"2014_Mafi,Tahereh_IgniteMe.txt.csv","F","1p","YA","Y"
1162,"2014_Mallory,Alex_Wild.txt.csv","F","3p","YA","Y"
1163,"2014_Matson,Morgan_SinceYouVeBeenGone.txt.csv","F","1p","YA","Y"
1164,"2014_Meyer,Marissa_Cress.txt.csv","F","3p","YA","Y"
1165,"2014_Millet,Lydia_PillsandStarships.txt.csv","F","1p","YA","N"
1166,"2014_Murphy,Julie_SideEffectsMayVary.txt.csv","F","1p","YA","Y"
1167,"2014_Naughton,Sarah_TheBloodList.txt.csv","F","3p","YA","Y"
1168,"2014_Nielsen,Jennifer_TheShadowThrone.txt.csv","F","1p","YA","N"
1169,"2014_Oliver,Lauren_Panic.txt.csv","F","3p","YA","Y"
1170,"2014_Olsen,Nora_FrenemyofthePeople.txt.csv","F","1p","YA","Y"
1171,"2014_Orloff,Erica_InDreams.txt.csv","F","1p","YA","Y"
1172,"2014_Paige,Danielle_DorothyMustDie.txt.csv","F","1p","YA","Y"
1173,"2014_Patrick,Denise_AMatterofSouls.txt.csv","F","3p","YA","Y"
1174,"2014_Philbin,Joanna_SinceLastSummer.txt.csv","F","3p","YA","Y"
1175,"2014_Pillsworth,Anne_Summoned.txt.csv","F","3p","YA","Y"
1176,"2014_Preble,Joy_TheA-Word.txt.csv","F","1p","YA","Y"
1177,"2014_Riggs,Ransom_HollowCity.txt.csv","M","1p","YA","Y"
1178,"2014_Rook,Spencer_FallingasUsual.txt.csv","M","3p","YA","Y"
1179,"2014_Rossi,Veronica_IntotheStillBlue.txt.csv","F","3p","YA","Y"
1180,"2014_Roth,Veronica_FourTheTraitor.txt.csv","F","1p","YA","Y"
1181,"2014_Rush,Jennifer_Erased.txt.csv","F","1p","YA","Y"
1182,"2014_Rutkoski,Marie_TheWinnerSCurse.txt.csv","F","1p","YA","Y"
1183,"2014_Ryan,Tom_BigTime.txt.csv","M","1p","YA","Y"
1184,"2014_Saxon,Lucy_TakeBacktheSkies.txt.csv","F","3p","YA","Y"
1185,"2014_Schrag,Ariel_Adam.txt.csv","F","3p","YA","Y"
1186,"2014_Scott,Victoria_Flood&Fire.txt.csv","F","1p","YA","N"
1187,"2014_Slayton,Shonna_CinderellaSDress.txt.csv","F","3p","YA","Y"
1188,"2014_Smith,Jennifer_TheGeographyofYouandMe.txt.csv","F","3p","YA","Y"
1189,"2014_Strand,Jeff_IHaveaBadFeelingAboutThis.txt.csv","M","3p","YA","Y"
1190,"2014_Strasser,Todd_NoPlace.txt.csv","M","1p","YA","Y"
1191,"2014_Taylor,Laini_DreamsofGods&Monsters.txt.csv","F","3p","YA","Y"
1192,"2014_Thompson,Karri_MIrrorX.txt.csv","F","1p","YA","Y"
1193,"2014_Trevayne,Emma_Chorus.txt.csv","F","1p","YA","Y"
1194,"2014_Turner,Joan_Grave.txt.csv","F","1p","YA","Y"
1195,"2014_Unsworth,Tania_TheOneSafePlace.txt.csv","F","3p","YA","Y"
1196,"2014_Vitello,Suzy_TheMomentBefore.txt.csv","F","1p","YA","Y"
1197,"2014_Walton,Leslye_TheStrangeandBeautifulSorrowsofAvaLavender.txt.csv","F","3p","YA","Y"
1198,"2014_Wells,Dan_Ruins.txt.csv","M","3p","YA","Y"
1199,"2014_West,Kasie_OntheFence.txt.csv","F","1p","YA","Y"
1200,"2014_West,Kasie_SplitSecond.txt.csv","F","1p","YA","Y"
1201,"2014_Williams,Carol_Signed,SkyeHarper.txt.csv","F","1p","YA","Y"
1202,"2014_Williams,Julie_DramaQueensintheHouse.txt.csv","F","1p","YA","Y"
1203,"2014_Young,Suzanne_TheTreatment.txt.csv","F","1p","YA","Y"
1204,"2002_Baker,Jo_Offcomer_CT.txt.csv","F","3p","NYT","Y"
1205,"2010_Grodstein,Lauren_AFriendoftheFamily_CT.txt.csv","F","1p","NYT","Y"
1206,"2011_Stevens,Taylor_TheInformationist_CT.txt.csv","F","3p","NYT","Y"
1208,"2012_Harbach,Chad_TheArtofFielding_CT.txt.csv","M","3p","NYT","Y"
1209,"2012_Redekop,Corey_Husk_CT.txt.csv","M","1p","NYT","Y"
1210,"2012_Stedman,ML_TheLightBetweenOceans_CT.txt.csv","F","3p","NYT","Y"
1211,"2012_Swan,Susan_TheWesternLight_CT.txt.csv","F","1p","NYT","Y"
1212,"2013_Atwood,Margaret_MaddAddam_CT.txt.csv","F","3p","NYT","Y"
1213,"2013_Baker,Kevin_TheBigCrowd_CT.txt.csv","M","3p","NYT","Y"
1214,"2013_Baker,Nicholson_TravellingSprinkler_CT.txt.csv","M","1p","NYT","Y"
1215,"2013_Boyden,Joseph_TheOrenda_CT.txt.csv","M","1p","NYT","Y"
1216,"2013_Cain,Chelsea_LetMeGo_CT.txt.csv","F","3p","NYT","Y"
1217,"2013_Cantor,Jillian_Margot_CT.txt.csv","F","1p","NYT","Y"
1218,"2013_Carpenter,Lea_ElevenDays_CT.txt.csv","F","3p","NYT","Y"
1219,"2013_Clanchy,Kate_MeetingtheEnglish_CT.txt.csv","F","3p","NYT","Y"
1220,"2013_Coetzee,JM_TheChildhoodofJesus_CT.txt.csv","M","3p","NYT","Y"
1221,"2013_Collins,Ciaran_TheGamal_CT.txt.csv","M","1p","NYT","Y"
1222,"2013_Crain,Caleb_NecessaryErrors_CT.txt.csv","M","3p","NYT","Y"
1223,"2013_Cullen,Lynn_MrsPoe_CT.txt.csv","F","1p","NYT","Y"
1224,"2013_DeSa,Anthony_KickingtheSky_CT.txt.csv","M","1p","NYT","Y"
1225,"2013_Fawcett,Brian_HumanHappiness_CT.txt.csv","M","1p","NYT","Y"
1226,"2013_Fielding,Helen_BridgetJonesMadAbouttheBoy_CT.txt.csv","F","1p","NYT","N"
1227,"2013_Flood,Cynthia_RedGirlRatBoy_CT.txt.csv","F","1p","NYT","Y"
1228,"2013_Galland,Nicole_Godiva_CT.txt.csv","F","3p","NYT","Y"
1229,"2013_Gilbert,Elizabeth_TheSignatureofAllThings_CT.txt.csv","F","3p","NYT","Y"
1230,"2013_Gillmor,Don_MountPleasant_CT.txt.csv","M","3p","NYT","Y"
1231,"2013_Grady,Wayne_EmancipationDay_CT.txt.csv","M","3p","NYT","Y"
1233,"2013_Ireland,Ann_TheBlueGuitar_CT.txt.csv","F","3p","NYT","Y"
1234,"2013_Johnston,Wayne_TheSonofaCertainWoman_CT.txt.csv","M","1p","NYT","N"
1235,"2013_Koch,Herman_TheDinner_CT.txt.csv","M","1p","NYT","Y"
1237,"2013_Lawson,Mary_RoadEnds_CT.txt.csv","F","3p","NYT","Y"
1238,"2013_LeirenYoung,Mark_FreeMagicSecretsRevealed_CT.txt.csv","M","1p","NYT","Y"
1239,"2013_Lemaitre,Pierre_Alex_CT.txt.csv","M","3p","NYT","Y"
1240,"2013_Manning,Kate_MyNotoriousLife_CT.txt.csv","F","1p","NYT","Y"
1241,"2013_Marias,Javier_TheInfatuations_CT.txt.csv","M","1p","NYT","Y"
1242,"2013_Mathis,Ayana_TheTwelveTribesofHattie_CT.txt.csv","F","3p","NYT","Y"
1243,"2013_McGill,Robert_OnceWeHadaCountry_CT.txt.csv","M","3p","NYT","Y"
1244,"2013_McMillan,Terry_WhoAskedYou_CT.txt.csv","F","1p","NYT","Y"
1245,"2013_Messud,Claire_TheWomanUpstairs_CT.txt.csv","F","1p","NYT","Y"
1247,"2013_Moyes,Jojo_MeBeforeYou_CT.txt.csv","F","1p","NYT","N"
1248,"2013_Peace,David_RedorDead_CT.txt.csv","M","3p","NYT","Y"
1249,"2013_Pessl,Marisha_NightFilm_CT.txt.csv","F","1p","NYT","Y"
1250,"2013_Phillips,JayneAnne_QuietDell_CT.txt.csv","F","3p","NYT","Y"
1251,"2013_Piatigorsky,Anton_TheIronBridge_CT.txt.csv","M","3p","NYT","Y"
1252,"2013_Reza,Yasmina_HappyaretheHappy_CT.txt.csv","F","1p","NYT","N"
1253,"2013_Rosenblatt,Roger_TheBoyDetective_CT.txt.csv","M","1p","NYT","Y"
1254,"2013_Selvadurai,Shyam_TheHungryGhosts_CT.txt.csv","M","1p","NYT","N"
1255,"2013_Szado,Ania_StudioSaintEx_CT.txt.csv","F","1p","NYT","Y"
1257,"2013_Toperoff,Sam_LillianandDash_CT.txt.csv","M","3p","NYT","Y"
1258,"2013_Wascom,Kent_TheBloodofHeaven_CT.txt.csv","M","1p","NYT","Y"
1259,"2013_Watson,SJ_BeforeIGotoSleep_CT.txt.csv","M","1p","NYT","Y"
1260,"2013_Weber,Joanne_TheDeafHouse_CT.txt.csv","F","1p","NYT","Y"
1261,"2013_Wilk,Lucie_TheStrengthofBone_CT.txt.csv","F","3p","NYT","Y"
1262,"2013_Winter,Michael_MinisterWithoutPortfolio_CT.txt.csv","M","3p","NYT","Y"
1263,"2013_Wuitchik,Michael_MyHeartIsNotMyOwn_CT.txt.csv","M","1p","NYT","Y"
1264,"2014_Abbott,Megan_TheFever_CT.txt.csv","F","3p","NYT","Y"
1265,"2014_Ackroyd,Peter_ThreeBrothers_CT.txt.csv","M","3p","NYT","Y"
1266,"2014_Adler,HG_TheWall_CT.txt.csv","M","1p","NYT","Y"
1267,"2014_Barthelme,Frederick_ThereMustBeSomeMistake_CT.txt.csv","M","1p","NYT","Y"
1268,"2014_Bausch,Robert_FarastheEyecanSee_CT.txt.csv","M","1p","NYT","Y"
1269,"2014_Baxter,Greg_MunichAirport_CT.txt.csv","M","1p","NYT","Y"
1271,"2014_Billingham,Mark_TheBonesBeneath_CT.txt.csv","M","3p","NYT","Y"
1272,"2014_BirdWilson,Lisa_JustPretending_CT.txt.csv","F","3p","NYT","Y"
1273,"2014_Black,Benjamin_TheBlackEyedBlonde_CT.txt.csv","M","1p","NYT","Y"
1274,"2014_Buwalda,Peter_BonitaAvenue_CT.txt.csv","M","3p","NYT","Y"
1275,"2014_Casey,Maud_TheManWhoWalkedAway_CT.txt.csv","F","3p","NYT","Y"
1276,"2014_Clement,Jennifer_PrayersfortheStolen_CT.txt.csv","F","1p","NYT","Y"
1277,"2014_Cohen,LeahHager_NoBookbuttheWorld_CT.txt.csv","F","3p","NYT","Y"
1278,"2014_Cole,Teju_EveryDayisfortheThief_CT.txt.csv","M","1p","NYT","Y"
1279,"2014_Cook,Jude_ByronEasy_CT.txt.csv","M","1p","NYT","Y"
1280,"2014_Coover,Robert_TheBrunistDayofWrath_CT.txt.csv","M","3p","NYT","Y"
1281,"2014_Cunningham,Michael_TheSnowQueen_CT.txt.csv","M","3p","NYT","Y"
1282,"2014_Dahl,Julia_InvisibleCity_CT.txt.csv","F","1p","NYT","Y"
1283,"2014_Danticat,Edwidge_ClaireoftheSeaLight_CT.txt.csv","F","3p","NYT","Y"
1284,"2014_Derasmo,Stacey_Wonderland_CT.txt.csv","F","1p","NYT","Y"
1285,"2014_Doctorow,EL_AndrewsBrain_CT.txt.csv","M","1p","NYT","Y"
1287,"2014_Faber,Michel_TheBookofStrangeNewThings_CT.txt.csv","M","3p","NYT","Y"
1288,"2014_Farah,Nuruddin_HidinginPlainSight_CT.txt.csv","M","3p","NYT","Y"
1289,"2014_Ferris,Joshua_ToRiseAgainataDecentHour_CT.txt.csv","M","1p","NYT","Y"
1290,"2014_Ford,Richard_LetmebeFrankwithYou_CT.txt.csv","M","1p","NYT","Y"
1291,"2014_Freud,Esther_MrMacandMe_CT.txt.csv","F","1p","NYT","Y"
1292,"2014_Galbraith,Robert_TheSilkworm_CT.txt.csv","F","3p","NYT","Y"
1293,"2014_Galchen,Rivka_AmericanInnovations_CT.txt.csv","F","1p","NYT","Y"
1294,"2014_Galloway,Steven_TheConfabulist_CT.txt.csv","M","3p","NYT","Y"
1295,"2014_Gay,Roxane_AnUntamedState_CT.txt.csv","F","1p","NYT","N"
1296,"2014_Goldberg,Tod_Gangsterland_CT.txt.csv","M","3p","NYT","Y"
1297,"2014_Hadley,Tessa_CleverGirl_CT.txt.csv","F","1p","NYT","Y"
1298,"2014_Harun,Adrianne_AManCameOutofaDoorintheMountain_CT.txt.csv","F","3p","NYT","Y"
1299,"2014_Hawkins,Paula_TheGirlontheTrain_CT.txt.csv","F","1p","NYT","Y"
1300,"2014_Heller,Peter_ThePainter_CT.txt.csv","M","1p","NYT","Y"
1302,"2014_Hoffman,Alice_TheMuseumofExtraordinaryThings_CT.txt.csv","F","3p","NYT","Y"
1303,"2014_Hoffman,Cara_BeSafeILoveYou_CT.txt.csv","F","3p","NYT","Y"
1304,"2014_Huneven,Michelle_OffCourse_CT.txt.csv","F","3p","NYT","Y"
1305,"2014_Hustvedt,Siri_TheBlazingWorld_CT.txt.csv","F","1p","NYT","Y"
1308,"2014_James,Marlon_ABriefHistoryofSevenKillings_CT.txt.csv","M","1p","NYT","Y"
1309,"2014_Jin,Ha_AMapofBetrayal_CT.txt.csv","M","3p","NYT","Y"
1310,"2014_Jones,Sadie_Fallout_CT.txt.csv","F","3p","NYT","Y"
1311,"2014_Kapoor,Deepti_ABadCharacter_CT.txt.csv","F","1p","NYT","Y"
1312,"2014_Kaysen,Susanna_Cambridge_CT.txt.csv","F","1p","NYT","N"
1314,"2014_King,Stephen_Revival_CT.txt.csv","M","1p","NYT","Y"
1316,"2014_Koch,Herman_SummerHouse_CT.txt.csv","M","1p","NYT","Y"
1317,"2014_Korelitz,JeanHanff_YouShouldHaveKnown_CT.txt.csv","F","3p","NYT","Y"
1318,"2014_Lazar,Zachary_IPitythePoorImmigrant_CT.txt.csv","M","3p","NYT","Y"
1319,"2014_Lee,ChangRae_OnSuchaFullSea_CT.txt.csv","M","3p","NYT","Y"
1320,"2014_Levine,Daniel_Hyde_CT.txt.csv","M","1p","NYT","Y"
1321,"2014_Lish,Atticus_PreparationfortheNextLife_CT.txt.csv","M","3p","NYT","Y"
1322,"2014_Ma,Kathryn_TheYearSheLeftUs_CT.txt.csv","M","1p","NYT","Y"
1323,"2014_Martin,Valerie_TheGhostoftheMaryCeleste_CT.txt.csv","F","1p","NYT","Y"
1324,"2014_Matthiessen,Peter_InParadise_CT.txt.csv","M","3p","NYT","Y"
1325,"2014_Maupin,Armistead_TheDaysofAnnaMadrigal_CT.txt.csv","M","3p","NYT","Y"
1326,"2014_May,Stephen_WakeUpHappy_CT.txt.csv","M","3p","NYT","Y"
1327,"2014_McMurty,Larry_TheLastKindWordsSaloon_CT.txt.csv","M","3p","NYT","Y"
1328,"2014_Mengestu,Dinaw_AllOurNames_CT.txt.csv","M","1p","NYT","Y"
1329,"2014_Miller,Sue_TheArsonist_CT.txt.csv","F","3p","NYT","Y"
1330,"2014_Mirvis,Tova_VisibleCity_CT.txt.csv","F","3p","NYT","Y"
1331,"2014_Mohamed,Nadifa_TheOrchardofLostSouls_CT.txt.csv","F","3p","NYT","Y"
1332,"2014_Moran,Caitlin_HowtoBuildaGirl_CT.txt.csv","F","1p","NYT","Y"
1333,"2014_Morton,Brian_Florence_CT.txt.csv","M","3p","NYT","Y"
1334,"2014_Nesbit,TaraShea_TheWivesofLosAlamos_CT.txt.csv","F","1p","NYT","Y"
1335,"2014_Newman,Sandra_TheCountryofIceCream_CT.txt.csv","F","1p","NYT","Y"
1336,"2014_Nunn,Kem_Chance_CT.txt.csv","M","3p","NYT","Y"
1337,"2014_Offill,Jenny_DeptofSpeculation_CT.txt.csv","F","1p","NYT","N"
1338,"2014_Ohle,David_TheOldReactor_CT.txt.csv","M","3p","NYT","Y"
1339,"2014_Palahniuk,Chuck_BeautifulYou_CT.txt.csv","M","3p","NYT","Y"
1340,"2014_Paull,Laline_TheBees_CT.txt.csv","F","3p","NYT","Y"
1342,"2014_Prose,Francine_LoversattheChameleonClubParis1932_CT.txt.csv","F","1p","NYT","Y"
1343,"2014_Quindlen,Anna_StillLifewithBreadCrumbs_CT.txt.csv","F","3p","NYT","Y"
1344,"2014_Rahman,ZiaHader_IntheLightofWhatWeKnow_CT.txt.csv","M","1p","NYT","Y"
1345,"2014_Rieger,Susan_TheDivorcePapers_CT.txt.csv","F","1p","NYT","Y"
1346,"2014_Savage,Sam_ItWillEndWithUs_CT.txt.csv","M","1p","NYT","Y"
1347,"2014_Segal,Lore_HalftheKingdom_CT.txt.csv","F","3p","NYT","Y"
1348,"2014_Sharma,Akhil_FamilyLife_CT.txt.csv","M","1p","NYT","N"
1349,"2014_Shipstead,Maggie_AstonishMe_CT.txt.csv","F","3p","NYT","Y"
1350,"2014_Simpson,Mona_Casebook_CT.txt.csv","F","1p","NYT","Y"
1351,"2014_Smiley,Jane_SomeLuck_CT.txt.csv","F","3p","NYT","Y"
1352,"2014_Smith,Andrew_GrasshopperJungle_CT.txt.csv","M","1p","NYT","Y"
1353,"2014_Stace,Wesley_Wonderkid_CT.txt.csv","M","1p","NYT","Y"
1354,"2014_StAubyn,Edward_LostforWords_CT.txt.csv","M","3p","NYT","Y"
1355,"2014_Stibbe,Nina_ManattheHelm_CT.txt.csv","F","1p","NYT","Y"
1356,"2014_Tierce,Merritt_LoveMeBack_CT.txt.csv","F","1p","NYT","Y"
1357,"2014_Toews,Miriam_AllMyPunySorrows_CT.txt.csv","F","1p","NYT","N"
1358,"2014_Townsend,Jacinda_SaintMonkey_CT.txt.csv","F","3p","NYT","Y"
1359,"2014_Ullmann,Linn_TheColdSong_CT.txt.csv","F","3p","NYT","Y"
1360,"2014_Venturini,Fred_HeartDoesNotGrowBack_CT.txt.csv","M","1p","NYT","Y"
1361,"2014_Walker,Casey_LastDaysinSHanghai_CT.txt.csv","M","1p","NYT","Y"
1362,"2014_Wood,Naomi_MrsHemingway_CT.txt.csv","F","3p","NYT","Y"
1363,"2014_Wroe,Simon_ChipChop_CT.txt.csv","M","1p","NYT","Y"
1364,"2014_Zink,Nell_TheWallcreeper_CT.txt.csv","F","1p","NYT","Y"
1365,"2015_Ackerman,Elliot_GreenonBlue_CT.txt.csv","M","1p","NYT","Y"
1366,"2015_Albert,Elisa_AfterBirth_CT.txt.csv","F","1p","NYT","Y"
1367,"2015_Benditt,John_TheBoatmaker_CT.txt.csv","M","3p","NYT","Y"
1368,"2015_Blackwood,Scott_SeeHowSmall_CT.txt.csv","M","3p","NYT","Y"
1369,"2015_Christie,Michael_IfIFall_CT.txt.csv","M","3p","NYT","Y"
1370,"2015_Ciment,Jill_ActofGod_CT.txt.csv","F","3p","NYT","Y"
1371,"2015_Costello,Mary_Academy_Street_CT.txt.csv","F","3p","NYT","Y"
1372,"2015_Essbaum,JillAlexander_Hausfrau_CT.txt.csv","F","3p","NYT","Y"
1373,"2015_Fishbane,Joel_The_Thunder_of_Giants_CT.txt.csv","M","3p","NYT","Y"
1374,"2015_Flournoy,Angela_The_Turner_House_CT.txt.csv","F","3p","NYT","Y"
1375,"2015_Freeman,Anna_The_Fair_Fight_CT.txt.csv","F","1p","NYT","N"
1376,"2015_Gattis,Ryan_All_Involved_CT.txt.csv","M","1p","NYT","N"
1377,"2015_Handler,Daniel_WearePirates_CT.txt.csv","M","3p","NYT","Y"
1378,"2015_Hemmings,KauiHart_ThePossibilities_CT.txt.csv","F","1p","NYT","Y"
1379,"2015_Hua,Yu_TheSeventhDay_CT.txt.csv","M","1p","NYT","Y"
1380,"2015_James,Tania_TheTuskthatDid_CT.txt.csv","F","1p","NYT","Y"
1381,"2015_July,Miranda_TheFirstBadMan_CT.txt.csv","F","1p","NYT","Y"
1382,"2015_Kanon,Joseph_LeavingBerlin_CT.txt.csv","M","3p","NYT","Y"
1383,"2015_Knausgaard,Karl_Dancing_in_the_Dark-My_Struggle_CT.txt.csv","M","3p","NYT","Y"
1384,"2015_Metcalf,Ben_AgainsttheCountry_CT.txt.csv","M","1p","NYT","Y"
1385,"2015_Morrison,Toni_God_Help_the_Child_CT.txt.csv","F","1p","NYT","N"
1386,"2015_NguyenThanh,Viet_TheSympathizer_CT.txt.csv","M","1p","NYT","Y"
1387,"2015_Oates,JoyceCarol_TheSacrifice_CT.txt.csv","F","3p","NYT","Y"
1388,"2015_Scotton,Christopher_ScretWisdomoftheEarth_CT.txt.csv","M","1p","NYT","Y"
1389,"2015_Steinhauer,Olen_AlltheOldKnives_CT.txt.csv","M","1p","NYT","Y"
1390,"2015_Treuer,David_Prudence_CT.txt.csv","M","3p","NYT","Y"
1391,"2015_Tyler,Anne_ASpoolofBlueThread_CT.txt.csv","F","3p","NYT","Y"
1392,"2015_Vaillant,John_TheJaguarsChildren_CT.txt.csv","M","1p","NYT","Y"
1393,"2015_VandenBerg,Laura_FindMe_CT.txt.csv","F","1p","NYT","Y"
1394,"2015_Vann,David_Aquarium_CT.txt.csv","M","1p","NYT","Y"
1395,"2015_Yanagihara,Hanya_ALittleLife_CT.txt.csv","F","3p","NYT","Y"
1396,"2015_Yglesias,Rafael_TheWisdomofPerversity_CT.txt.csv","M","3p","NYT","Y"
